datazone,retailer_count,total_population,simd_decile,simd_rank,simd_quintile,income_rank,health_rank,employment_rank,education_rank,access_rank,crime_rank,housing_rank,alcohol_admissions,drug_admissions,smoking_rate,urban_rural,retailers_adj,income_quintile,access_quintile,urban_rural_2cat
DZ00005,1,865,8,1143,4,1391,1276,1270,788,50,1161,978,46,131,8.7,Remote Rural,1.1560693641618498,Least deprived,Most deprived,Rural
DZ00006,1,614,2,204,1,261,334,294,475,15,311,716,158,78,14.81,Remote Rural,1.6286644951140066,Most deprived,Most deprived,Rural
DZ00007,2,784,2,233,1,198,240,275,380,213,1460,233,201,172,27.78,Remote Rural,2.5510204081632653,Most deprived,Most deprived,Rural
DZ00008,1,858,5,779,3,973,613,1049,641,99,1380,437,175,119,24,Remote Rural,1.1655011655011656,Fourth,Most deprived,Rural
DZ00014,3,913,2,314,1,376,329,374,357,159,689,936,169,136,19.51,Remote Rural,3.2858707557502735,Second,Most deprived,Rural
DZ00018,2,718,1,37,1,40,59,30,197,371,405,782,174,433,21.74,Accessible Rural,2.785515320334262,Most deprived,Second,Rural
DZ00019,1,786,1,127,1,291,419,109,102,205,74,659,157,93,33.33,Accessible Rural,1.272264631043257,Most deprived,Most deprived,Rural
DZ00020,2,862,4,613,2,472,496,889,601,297,1417,827,177,78,9.09,Accessible Rural,2.320185614849188,Second,Most deprived,Rural
DZ00022,1,1025,10,1520,5,1514,1475,1530,1422,402,1440,1484,25,39,2.94,Accessible Rural,0.975609756097561,Least deprived,Second,Rural
DZ00024,1,885,6,877,3,1290,652,618,1193,170,1100,1057,75,137,13.04,Accessible Rural,1.1299435028248588,Least deprived,Most deprived,Rural
DZ00026,1,490,3,333,2,343,600,432,68,1233,314,65,188,94,21.43,Other Urban,2.0408163265306123,Second,Fourth,Urban
DZ00027,1,831,5,724,3,915,618,488,598,992,1397,666,98,86,16.67,Other Urban,1.203369434416366,Third,Fourth,Urban
DZ00028,3,911,9,1386,5,1260,1546,1318,1406,432,1457,1259,47,22,17.65,Other Urban,3.293084522502744,Fourth,Second,Urban
DZ00029,1,866,9,1397,5,1146,1430,1372,1530,1006,1379,794,56,54,6.25,Other Urban,1.1547344110854503,Fourth,Fourth,Urban
DZ00030,2,673,5,714,3,681,819,608,828,1193,439,367,100,62,20,Other Urban,2.9717682020802374,Third,Fourth,Urban
DZ00034,1,923,8,1148,4,979,966,1348,1001,505,1282,1544,68,144,8.33,Accessible Rural,1.0834236186348862,Fourth,Second,Rural
DZ00037,2,617,2,184,1,378,46,219,112,450,835,770,173,247,17.65,Accessible Rural,3.2414910858995136,Second,Second,Rural
DZ00038,2,971,4,578,2,642,751,713,495,250,378,1429,72,94,19.23,Accessible Rural,2.059732234809475,Second,Most deprived,Rural
DZ00041,1,1082,1,108,1,146,412,74,288,42,1126,421,104,150,38.46,Remote Rural,0.9242144177449169,Most deprived,Most deprived,Rural
DZ00042,1,765,2,258,1,278,299,606,114,21,1258,172,133,160,30.43,Remote Rural,1.3071895424836601,Most deprived,Most deprived,Rural
DZ00043,1,923,4,576,2,409,464,744,830,237,1284,1577,128,167,7.41,Remote Rural,1.0834236186348862,Second,Most deprived,Rural
DZ00046,1,759,2,285,1,226,489,395,678,123,124,602,147,77,23.08,Remote Rural,1.3175230566534915,Most deprived,Most deprived,Rural
DZ00047,2,882,1,105,1,155,195,108,327,120,469,249,120,170,26.92,Remote Rural,2.2675736961451247,Most deprived,Most deprived,Rural
DZ00051,1,565,3,465,2,946,420,348,433,94,745,1368,194,148,6.67,Remote Rural,1.7699115044247788,Third,Most deprived,Rural
DZ00052,1,898,3,375,2,456,354,679,289,49,965,552,222,107,33.33,Remote Rural,1.1135857461024499,Second,Most deprived,Rural
DZ00055,2,625,5,665,3,687,860,639,725,621,448,620,121,84,15.38,Accessible Small Towns,3.2,Third,Second,Urban
DZ00056,4,618,2,297,1,248,499,334,312,394,443,496,182,198,4.55,Remote Small Towns,6.472491909385114,Most deprived,Second,Urban
DZ00057,3,903,1,58,1,103,154,16,374,478,136,109,133,301,25,Accessible Small Towns,3.3222591362126246,Most deprived,Second,Urban
DZ00058,3,940,1,104,1,92,89,88,174,1216,894,78,242,534,20,Accessible Small Towns,3.1914893617021276,Most deprived,Fourth,Urban
DZ00060,2,699,5,791,3,938,866,934,612,273,973,1092,92,74,27.78,Accessible Rural,2.8612303290414878,Third,Most deprived,Rural
DZ00061,1,673,10,1499,5,1497,1299,1551,1555,139,1106,1339,70,72,6.25,Accessible Rural,1.4858841010401187,Least deprived,Most deprived,Rural
DZ00064,2,644,7,964,4,859,1236,984,1229,342,272,1345,84,97,14.29,Other Urban,3.105590062111801,Third,Second,Urban
DZ00066,1,908,5,670,3,607,413,812,576,1106,637,1359,133,124,9.09,Other Urban,1.1013215859030838,Second,Fourth,Urban
DZ00068,2,819,7,994,4,1201,978,917,755,630,1191,113,70,50,6.9,Other Urban,2.442002442002442,Fourth,Second,Urban
DZ00069,2,833,4,566,2,604,230,649,699,983,686,203,245,146,19.35,Other Urban,2.4009603841536613,Second,Fourth,Urban
DZ00070,2,615,4,634,2,427,892,626,656,1011,877,990,105,91,25,Other Urban,3.252032520325203,Second,Fourth,Urban
DZ00071,3,671,7,965,4,975,986,988,937,1342,77,368,122,56,17.39,Other Urban,4.470938897168406,Fourth,Least deprived,Urban
DZ00073,1,716,7,1064,4,784,1433,926,954,1107,1421,823,79,71,14.29,Other Urban,1.3966480446927374,Third,Fourth,Urban
DZ00075,1,797,6,930,3,1051,913,995,629,388,1078,1549,60,124,23.33,Accessible Rural,1.2547051442910915,Fourth,Second,Rural
DZ00077,2,525,4,482,2,541,895,224,653,594,652,1276,112,76,15,Accessible Small Towns,3.8095238095238093,Second,Second,Urban
DZ00078,5,1003,2,199,1,223,431,221,136,607,197,48,201,222,32.43,Accessible Small Towns,4.985044865403789,Most deprived,Second,Urban
DZ00079,2,986,4,491,2,312,1177,253,1106,545,610,720,113,107,29.27,Accessible Small Towns,2.028397565922921,Most deprived,Second,Urban
DZ00080,2,943,6,913,3,767,804,1088,1058,537,975,453,114,165,19.35,Accessible Small Towns,2.1208907741251326,Third,Second,Urban
DZ00082,1,942,4,481,2,608,795,373,379,76,1545,1454,73,166,16.22,Remote Rural,1.0615711252653928,Second,Most deprived,Rural
DZ00085,1,734,8,1229,4,993,1486,1407,1215,168,1334,1203,77,47,15,Remote Rural,1.3623978201634876,Fourth,Most deprived,Rural
DZ00087,2,912,1,70,1,199,62,34,231,319,565,118,138,390,14.81,Remote Rural,2.1929824561403506,Most deprived,Most deprived,Rural
DZ00092,1,728,5,669,3,693,791,851,811,10,1529,1206,103,72,12,Remote Rural,1.3736263736263736,Third,Most deprived,Rural
DZ00095,1,856,6,878,3,856,623,697,1376,518,1302,854,117,107,20,Accessible Small Towns,1.1682242990654206,Third,Second,Urban
DZ00096,1,819,2,205,1,143,296,175,578,1014,103,13,219,90,34.62,Accessible Small Towns,1.221001221001221,Most deprived,Fourth,Urban
DZ00097,3,845,3,344,2,287,280,454,597,769,60,855,184,262,32.14,Accessible Small Towns,3.5502958579881656,Most deprived,Third,Urban
DZ00098,4,865,1,142,1,137,138,281,139,570,188,72,178,181,8,Remote Small Towns,4.624277456647399,Most deprived,Second,Urban
DZ00099,1,638,6,946,3,907,854,844,1357,516,832,843,128,123,0,Accessible Small Towns,1.567398119122257,Third,Second,Urban
DZ00101,1,715,8,1149,4,1206,796,1273,1303,433,926,345,90,90,14.29,Accessible Rural,1.3986013986013985,Fourth,Second,Rural
DZ00103,2,608,10,1491,5,1485,1133,1380,1525,1236,1585,478,156,66,0,Other Urban,3.289473684210526,Least deprived,Fourth,Urban
DZ00107,1,843,8,1244,4,1164,1412,1093,1079,1245,1134,1225,61,62,3.45,Other Urban,1.1862396204033216,Fourth,Fourth,Urban
DZ00108,1,469,3,348,2,488,614,193,397,701,186,718,184,125,11.76,Other Urban,2.1321961620469083,Second,Third,Urban
DZ00109,2,819,3,444,2,315,572,455,512,1300,340,358,144,201,16.67,Other Urban,2.442002442002442,Most deprived,Least deprived,Urban
DZ00112,1,982,6,839,3,585,924,1047,1002,1127,80,1207,98,147,30.56,Other Urban,1.0183299389002036,Second,Fourth,Urban
DZ00114,1,631,6,865,3,770,1045,858,843,914,623,1032,69,121,23.81,Other Urban,1.5847860538827259,Third,Third,Urban
DZ00115,2,939,9,1375,5,1240,1157,1441,1216,1379,1129,1520,84,90,9.68,Other Urban,2.1299254526091587,Fourth,Least deprived,Urban
DZ00116,1,961,9,1297,5,1161,1083,1362,1452,468,1446,1128,96,134,8.33,Other Urban,1.040582726326743,Fourth,Second,Urban
DZ00119,1,725,4,615,2,485,391,786,1006,906,438,33,159,139,30,Accessible Small Towns,1.379310344827586,Second,Third,Urban
DZ00120,3,939,2,240,1,370,295,182,308,454,190,348,176,72,27.78,Accessible Small Towns,3.1948881789137378,Second,Second,Urban
DZ00122,1,742,4,522,2,671,429,578,698,62,1223,1435,93,262,17.65,Remote Rural,1.3477088948787064,Third,Most deprived,Rural
DZ00124,1,826,8,1261,4,1508,940,1379,1211,7,1415,1380,72,85,0,Remote Rural,1.2106537530266344,Least deprived,Most deprived,Rural
DZ00127,1,912,1,89,1,121,260,33,336,121,1054,1268,207,200,20,Remote Rural,1.0964912280701753,Most deprived,Most deprived,Rural
DZ00128,1,664,2,287,1,336,361,328,417,41,1293,920,155,184,48.15,Remote Rural,1.5060240963855422,Second,Most deprived,Rural
DZ00129,2,769,2,303,1,440,124,445,708,48,296,327,180,125,14.29,Remote Rural,2.6007802340702213,Second,Most deprived,Rural
DZ00134,2,641,6,932,3,789,1123,950,863,617,1347,528,70,72,20,Remote Small Towns,3.1201248049921997,Third,Second,Urban
DZ00135,1,848,5,793,3,811,886,953,778,439,457,879,104,74,15.62,Remote Small Towns,1.1792452830188678,Third,Second,Urban
DZ00137,1,1039,2,200,1,107,142,306,275,1054,421,396,209,323,26.09,Accessible Small Towns,0.9624639076034649,Most deprived,Fourth,Urban
DZ00139,2,919,2,311,1,272,149,324,572,485,824,1158,367,243,18.18,Accessible Small Towns,2.176278563656148,Most deprived,Second,Urban
DZ00140,1,656,5,746,3,793,724,865,962,210,1041,804,109,66,17.65,Accessible Rural,1.524390243902439,Third,Most deprived,Rural
DZ00148,2,923,4,535,2,380,573,656,633,1144,292,337,148,297,12.5,Large Urban,2.1668472372697725,Second,Fourth,Urban
DZ00149,3,758,3,345,2,283,128,363,499,1508,420,451,215,328,19.35,Large Urban,3.95778364116095,Most deprived,Least deprived,Urban
DZ00150,4,853,1,103,1,111,82,70,542,517,394,96,369,387,16.67,Large Urban,4.689331770222743,Most deprived,Second,Urban
DZ00153,1,978,10,1472,5,1543,1471,1227,1323,921,1265,1574,59,39,3.85,Other Urban,1.0224948875255624,Least deprived,Third,Urban
DZ00154,1,831,2,266,1,406,72,319,131,812,497,1111,189,422,5,Other Urban,1.203369434416366,Second,Third,Urban
DZ00155,3,841,6,867,3,656,1087,738,1173,867,841,940,101,157,8,Other Urban,3.5671819262782405,Third,Third,Urban
DZ00156,2,795,5,795,3,848,888,623,666,1303,798,795,92,111,13.04,Other Urban,2.5157232704402515,Third,Least deprived,Urban
DZ00157,1,792,6,909,3,1005,544,1067,969,471,759,1102,103,136,4.35,Accessible Small Towns,1.2626262626262628,Fourth,Second,Urban
DZ00159,1,835,3,413,2,639,625,505,198,316,424,123,213,65,13.64,Accessible Small Towns,1.1976047904191616,Second,Most deprived,Urban
DZ00160,2,486,2,193,1,237,219,278,378,113,698,120,94,270,15.38,Accessible Small Towns,4.11522633744856,Most deprived,Most deprived,Urban
DZ00163,1,838,3,367,2,509,406,480,398,56,707,1251,211,126,30.56,Remote Rural,1.1933174224343677,Second,Most deprived,Rural
DZ00164,2,897,7,997,4,887,462,1154,1510,189,1228,1313,116,174,17.24,Remote Rural,2.229654403567447,Third,Most deprived,Rural
DZ00165,3,845,4,502,2,525,351,552,660,345,1370,338,224,67,29.41,Remote Rural,3.5502958579881656,Second,Second,Rural
DZ00166,2,770,1,33,1,56,36,207,26,164,10,223,259,216,21.74,Remote Rural,2.5974025974025974,Most deprived,Most deprived,Rural
DZ00168,1,757,3,357,2,393,691,489,151,102,1514,189,74,135,16.67,Remote Rural,1.321003963011889,Second,Most deprived,Rural
DZ00175,2,899,4,583,2,620,694,575,829,572,230,141,139,246,7.69,Remote Small Towns,2.2246941045606228,Second,Second,Urban
DZ00176,3,878,3,379,2,282,279,308,647,1176,813,1093,198,128,21.43,Remote Small Towns,3.416856492027335,Most deprived,Fourth,Urban
DZ00177,1,588,3,387,2,305,404,593,565,724,100,74,129,147,30,Accessible Small Towns,1.7006802721088434,Most deprived,Third,Urban
DZ00178,3,721,3,385,2,416,394,375,454,1015,109,499,188,168,19.05,Accessible Small Towns,4.160887656033287,Second,Fourth,Urban
DZ00179,5,942,3,380,2,268,610,629,221,420,913,166,131,180,24,Accessible Small Towns,5.307855626326964,Most deprived,Second,Urban
DZ00180,2,816,6,884,3,853,995,630,1110,1113,962,434,97,73,33.33,Other Urban,2.450980392156863,Third,Fourth,Urban
DZ00181,1,901,5,782,3,718,869,721,1047,688,727,788,181,138,22.73,Other Urban,1.1098779134295227,Third,Third,Urban
DZ00182,2,1118,4,506,2,401,252,776,527,1269,125,824,186,125,24.39,Other Urban,1.7889087656529516,Second,Fourth,Urban
DZ00184,1,770,10,1583,5,1524,1599,1564,1585,881,1475,1115,47,29,0,Other Urban,1.2987012987012987,Least deprived,Third,Urban
DZ00186,2,788,9,1438,5,1386,1320,1415,1387,840,1427,1305,149,54,0,Large Urban,2.5380710659898473,Least deprived,Third,Urban
DZ00187,1,561,9,1362,5,1458,1113,1342,1284,1019,1026,259,94,142,8.7,Large Urban,1.7825311942959001,Least deprived,Fourth,Urban
DZ00188,2,602,2,236,1,394,340,146,254,1147,13,59,128,230,27.78,Large Urban,3.3222591362126246,Second,Fourth,Urban
DZ00189,6,1112,1,98,1,61,187,71,159,1282,646,157,139,237,30.77,Large Urban,5.39568345323741,Most deprived,Least deprived,Urban
DZ00190,2,783,4,493,2,448,466,558,387,747,1070,329,185,98,27.27,Large Urban,2.554278416347382,Second,Third,Urban
DZ00191,2,1139,7,1021,4,1039,578,1056,1315,483,927,1272,116,191,16.13,Large Urban,1.7559262510974538,Fourth,Second,Urban
DZ00194,2,767,2,269,1,360,345,316,262,226,476,781,221,127,25,Large Urban,2.607561929595828,Second,Most deprived,Urban
DZ00195,2,661,3,428,2,344,458,529,407,1136,111,947,128,149,19.35,Other Urban,3.0257186081694405,Second,Fourth,Urban
DZ00196,1,515,4,551,2,570,379,577,305,1560,431,230,172,97,21.05,Other Urban,1.941747572815534,Second,Least deprived,Urban
DZ00199,3,768,5,721,3,431,991,883,490,1368,726,594,135,187,24,Accessible Small Towns,3.90625,Second,Least deprived,Urban
DZ00200,11,995,1,19,1,23,17,51,10,644,51,148,387,345,66.67,Accessible Small Towns,11.055276381909549,Most deprived,Third,Urban
DZ00205,1,630,3,362,2,396,341,614,602,18,777,868,167,155,8.33,Remote Rural,1.5873015873015872,Second,Most deprived,Rural
DZ00206,1,1041,4,530,2,610,990,681,506,230,171,81,109,77,9.09,Remote Small Towns,0.9606147934678194,Second,Most deprived,Urban
DZ00212,1,636,1,116,1,186,114,217,216,177,308,41,245,163,20,Accessible Rural,1.5723270440251573,Most deprived,Most deprived,Rural
DZ00213,1,692,4,537,2,425,902,493,590,335,1229,1459,98,86,23.53,Remote Small Towns,1.445086705202312,Second,Second,Urban
DZ00214,1,762,5,777,3,580,655,1077,822,857,533,485,113,180,19.23,Accessible Small Towns,1.3123359580052494,Second,Third,Urban
DZ00215,2,987,3,468,2,581,335,399,515,748,651,515,121,199,15.15,Remote Small Towns,2.026342451874367,Second,Third,Urban
DZ00216,1,781,2,267,1,357,509,210,202,669,87,563,328,322,22.73,Accessible Small Towns,1.2804097311139564,Second,Third,Urban
DZ00220,5,852,5,653,3,560,740,582,556,1082,1348,332,99,268,18.18,Other Urban,5.868544600938967,Second,Fourth,Urban
DZ00221,3,884,2,191,1,170,272,282,154,762,184,130,208,288,26.47,Other Urban,3.3936651583710407,Most deprived,Third,Urban
DZ00222,1,568,2,177,1,165,152,264,93,1071,187,801,221,411,26.09,Other Urban,1.7605633802816902,Most deprived,Fourth,Urban
DZ00224,1,964,10,1579,5,1577,1548,1525,1561,1535,1536,1146,49,55,0,Large Urban,1.037344398340249,Least deprived,Least deprived,Urban
DZ00226,2,921,10,1557,5,1579,1354,1594,1263,856,664,1236,44,106,0,Large Urban,2.1715526601520088,Least deprived,Third,Urban
DZ00228,9,785,1,139,1,64,319,76,281,1423,440,438,88,167,42.86,Large Urban,11.464968152866241,Most deprived,Least deprived,Urban
DZ00229,5,946,1,56,1,62,105,35,128,1030,174,412,277,473,46.67,Large Urban,5.2854122621564485,Most deprived,Fourth,Urban
DZ00230,5,821,1,95,1,85,102,46,54,1593,403,973,201,261,30.43,Large Urban,6.090133982947624,Most deprived,Least deprived,Urban
DZ00231,1,812,5,697,3,694,1035,659,752,543,650,93,75,107,8.33,Large Urban,1.2315270935960592,Third,Second,Urban
DZ00233,4,974,5,643,3,546,980,691,369,1330,347,380,70,145,20.69,Large Urban,4.106776180698152,Second,Least deprived,Urban
DZ00234,1,840,6,938,3,806,1061,979,761,1017,671,1325,137,142,31.82,Large Urban,1.1904761904761907,Third,Fourth,Urban
DZ00236,1,548,8,1164,4,1205,1301,879,1087,1112,1340,759,47,38,0,Other Urban,1.8248175182481752,Fourth,Fourth,Urban
DZ00238,1,642,6,891,3,1081,593,782,948,999,934,362,101,78,23.08,Other Urban,1.557632398753894,Fourth,Fourth,Urban
DZ00239,3,806,6,807,3,1011,716,579,924,1067,490,950,117,151,14.29,Accessible Small Towns,3.7220843672456576,Fourth,Fourth,Urban
DZ00240,2,666,1,31,1,35,35,19,244,716,91,1261,175,805,20,Accessible Small Towns,3.003003003003003,Most deprived,Third,Urban
DZ00241,1,944,5,760,3,1073,937,748,548,85,1225,1335,86,113,14.29,Remote Rural,1.0593220338983051,Fourth,Most deprived,Rural
DZ00243,1,460,3,434,2,429,606,349,681,325,947,1183,127,60,9.09,Remote Rural,2.1739130434782608,Second,Second,Rural
DZ00245,2,808,4,629,2,866,1074,461,668,330,282,850,145,120,12,Remote Small Towns,2.4752475247524752,Third,Second,Urban
DZ00246,6,753,1,96,1,126,137,107,155,431,275,107,165,204,10,Accessible Small Towns,7.968127490039841,Most deprived,Second,Urban
DZ00247,2,562,1,97,1,101,111,81,419,365,192,502,239,396,25,Remote Small Towns,3.558718861209964,Most deprived,Second,Urban
DZ00248,2,816,3,421,2,501,349,490,315,529,568,791,198,158,17.39,Remote Small Towns,2.450980392156863,Second,Second,Urban
DZ00250,2,622,6,939,3,702,1089,965,1156,437,1222,1275,55,157,10.53,Remote Small Towns,3.215434083601286,Third,Second,Urban
DZ00251,3,929,2,217,1,194,324,200,352,625,227,556,130,234,20.59,Remote Small Towns,3.2292787944025836,Most deprived,Second,Urban
DZ00253,1,738,3,453,2,414,176,543,560,1318,249,523,218,199,4.17,Remote Small Towns,1.3550135501355014,Second,Least deprived,Urban
DZ00254,1,666,7,1077,4,1062,1182,914,1273,392,1388,1338,109,68,30,Remote Small Towns,1.5015015015015014,Fourth,Second,Urban
DZ00255,1,876,8,1267,4,1295,1155,1218,1402,464,1267,631,66,57,4.55,Accessible Small Towns,1.141552511415525,Least deprived,Second,Urban
DZ00256,3,748,3,389,2,458,352,456,504,451,98,989,178,205,20,Accessible Small Towns,4.0106951871657754,Second,Second,Urban
DZ00257,1,956,6,828,3,705,712,751,893,1109,1472,469,123,143,12,Accessible Small Towns,1.0460251046025104,Third,Fourth,Urban
DZ00258,3,816,4,609,2,896,705,464,632,503,294,392,96,112,21.43,Accessible Small Towns,3.676470588235294,Third,Second,Urban
DZ00260,1,753,10,1467,5,1367,1211,1514,1444,825,1383,1291,92,84,10,Other Urban,1.3280212483399734,Least deprived,Third,Urban
DZ00261,2,785,6,910,3,795,803,855,616,1547,1133,1131,106,94,12.5,Other Urban,2.5477707006369426,Third,Least deprived,Urban
DZ00262,2,1042,2,222,1,329,212,302,66,697,377,471,377,153,14.29,Large Urban,1.9193857965451055,Second,Third,Urban
DZ00263,1,823,5,690,3,614,560,848,983,810,324,161,98,123,27.78,Large Urban,1.215066828675577,Second,Third,Urban
DZ00267,3,939,3,471,2,309,369,652,401,1243,495,869,111,276,21.43,Large Urban,3.1948881789137378,Most deprived,Fourth,Urban
DZ00268,1,822,2,262,1,183,227,417,349,1121,19,135,227,198,13.33,Large Urban,1.2165450121654502,Most deprived,Fourth,Urban
DZ00269,3,833,3,365,2,470,206,340,595,892,122,632,227,504,26.09,Large Urban,3.601440576230492,Second,Third,Urban
DZ00270,1,745,4,500,2,364,858,378,326,1347,1234,513,126,199,24.14,Large Urban,1.3422818791946307,Second,Least deprived,Urban
DZ00271,2,732,6,871,3,850,267,670,1208,1541,1135,1303,230,183,14.29,Large Urban,2.73224043715847,Third,Least deprived,Urban
DZ00272,1,735,9,1389,5,1204,1306,1352,1481,1247,1358,769,91,111,0,Large Urban,1.3605442176870748,Fourth,Fourth,Urban
DZ00274,1,752,6,844,3,714,701,717,1274,1294,724,251,174,331,16.67,Large Urban,1.3297872340425532,Third,Least deprived,Urban
DZ00275,1,541,9,1345,5,1195,1497,1249,1204,947,1492,1499,42,68,5.56,Large Urban,1.8484288354898337,Fourth,Third,Urban
DZ00278,1,1046,10,1493,5,1463,1464,1500,1404,551,1101,1561,47,101,9.68,Other Urban,0.9560229445506692,Least deprived,Second,Urban
DZ00279,4,937,3,450,2,338,375,803,345,991,160,110,173,182,4.35,Accessible Small Towns,4.268943436499467,Second,Fourth,Urban
DZ00280,4,992,1,12,1,25,2,7,60,1044,468,47,599,1179,34.38,Accessible Small Towns,4.032258064516129,Most deprived,Fourth,Urban
DZ00283,1,652,7,1105,4,1060,1171,1124,1342,86,1520,1241,80,115,0,Remote Rural,1.5337423312883436,Fourth,Most deprived,Rural
DZ00284,1,808,7,1000,4,1175,1254,878,1118,295,685,409,65,111,6.67,Remote Rural,1.2376237623762376,Fourth,Most deprived,Rural
DZ00285,2,827,8,1228,4,1325,1237,1182,1218,423,587,1457,89,80,6.06,Remote Small Towns,2.4183796856106405,Least deprived,Second,Urban
DZ00286,1,656,2,238,1,466,268,203,287,286,63,677,342,245,36.84,Remote Small Towns,1.524390243902439,Second,Most deprived,Urban
DZ00287,7,823,1,41,1,37,33,65,111,719,95,614,577,593,25,Remote Small Towns,8.50546780072904,Most deprived,Third,Urban
DZ00288,3,762,1,157,1,171,126,178,163,367,1399,248,291,288,29.17,Remote Small Towns,3.937007874015748,Most deprived,Second,Urban
DZ00289,4,1010,2,219,1,112,257,394,344,595,144,304,198,441,14.71,Remote Small Towns,3.9603960396039604,Most deprived,Second,Urban
DZ00290,5,1003,2,274,1,271,249,425,365,634,34,56,142,139,29.63,Remote Small Towns,4.985044865403789,Most deprived,Second,Urban
DZ00291,6,940,3,417,2,362,338,686,256,497,551,1226,199,116,33.33,Remote Small Towns,6.382978723404255,Second,Second,Urban
DZ00292,1,984,4,486,2,475,515,745,340,257,782,1228,83,150,19.23,Remote Rural,1.016260162601626,Second,Most deprived,Rural
DZ00295,4,765,4,607,2,465,1187,397,661,1142,302,1049,112,84,19.05,Accessible Small Towns,5.228758169934641,Second,Fourth,Urban
DZ00296,1,583,6,879,3,1069,503,813,670,765,1462,1215,208,506,23.81,Accessible Small Towns,1.7152658662092624,Fourth,Third,Urban
DZ00298,1,728,9,1415,5,1428,1072,1420,1243,1529,1064,622,95,123,5,Other Urban,1.3736263736263736,Least deprived,Least deprived,Urban
DZ00299,1,813,3,432,2,668,502,409,295,393,521,260,107,102,13.79,Other Urban,1.2300123001230012,Third,Second,Urban
DZ00300,1,809,3,398,2,347,248,404,478,1365,546,164,300,177,23.81,Other Urban,1.2360939431396785,Second,Least deprived,Urban
DZ00301,3,834,4,564,2,636,283,477,619,1222,802,748,238,187,19.23,Other Urban,3.5971223021582737,Second,Fourth,Urban
DZ00302,3,846,2,276,1,162,368,267,453,1178,363,64,224,112,22.73,Large Urban,3.5460992907801416,Most deprived,Fourth,Urban
DZ00303,1,768,6,887,3,943,841,999,981,806,151,388,135,192,19.23,Large Urban,1.3020833333333333,Third,Third,Urban
DZ00304,3,803,4,635,2,739,967,473,328,1510,158,517,75,63,9.09,Large Urban,3.7359900373599007,Third,Least deprived,Urban
DZ00306,4,874,7,981,4,1221,1021,757,711,965,881,319,158,89,0,Large Urban,4.576659038901602,Fourth,Fourth,Urban
DZ00307,1,840,6,956,3,727,1014,1064,846,1283,467,741,85,116,13.16,Large Urban,1.1904761904761907,Third,Least deprived,Urban
DZ00308,4,787,2,165,1,96,186,197,185,1475,208,137,173,333,33.33,Large Urban,5.082592121982211,Most deprived,Least deprived,Urban
DZ00309,5,879,1,54,1,63,58,60,74,1265,179,261,235,344,28.57,Large Urban,5.688282138794084,Most deprived,Fourth,Urban
DZ00310,2,753,7,995,4,822,678,1129,839,1519,836,433,137,118,22.73,Large Urban,2.6560424966799467,Third,Least deprived,Urban
DZ00311,3,803,5,725,3,572,745,904,682,1018,396,907,78,249,24,Large Urban,3.7359900373599007,Second,Fourth,Urban
DZ00314,2,790,6,947,3,724,960,1087,793,1323,697,323,80,88,6.67,Large Urban,2.5316455696202533,Third,Least deprived,Urban
DZ00315,1,793,8,1198,4,1270,1048,1173,1213,995,309,1066,90,91,4.55,Large Urban,1.2610340479192939,Fourth,Fourth,Urban
DZ00317,1,952,10,1461,5,1520,1528,1461,1104,436,865,1196,47,37,0,Other Urban,1.050420168067227,Least deprived,Second,Urban
DZ00320,1,927,6,845,3,725,951,689,963,674,1483,1217,126,116,12,Accessible Small Towns,1.0787486515641855,Third,Third,Urban
DZ00321,1,942,7,1072,4,1153,1166,1068,1248,90,1024,1595,87,47,37.93,Remote Rural,1.0615711252653928,Fourth,Most deprived,Rural
DZ00322,1,731,8,1181,4,1050,1341,1123,1471,244,1289,1310,52,52,6.06,Remote Rural,1.3679890560875512,Fourth,Most deprived,Rural
DZ00323,1,942,2,305,1,290,545,427,306,60,821,1007,184,155,12.5,Remote Rural,1.0615711252653928,Most deprived,Most deprived,Rural
DZ00327,2,764,1,123,1,152,167,119,180,1226,25,85,125,375,14.81,Accessible Small Towns,2.617801047120419,Most deprived,Fourth,Urban
DZ00329,1,727,3,335,2,363,450,428,279,429,393,156,127,182,22.22,Remote Small Towns,1.375515818431912,Second,Second,Urban
DZ00330,2,660,1,113,1,136,123,188,257,321,73,638,177,189,32,Remote Small Towns,3.0303030303030303,Most deprived,Most deprived,Urban
DZ00336,1,597,2,247,1,299,286,338,91,336,991,998,86,99,25,Accessible Rural,1.6750418760469012,Most deprived,Second,Rural
DZ00339,2,682,10,1484,5,1359,1536,1480,1474,887,1140,688,51,93,3.57,Other Urban,2.932551319648094,Least deprived,Third,Urban
DZ00340,3,773,5,747,3,654,568,860,753,1453,243,715,85,69,23.08,Other Urban,3.8809831824062098,Third,Least deprived,Urban
DZ00341,6,770,1,71,1,82,373,68,37,1078,26,89,98,195,40,Other Urban,7.792207792207792,Most deprived,Fourth,Urban
DZ00343,1,1025,7,996,4,901,922,877,992,1563,688,322,141,92,10.26,Large Urban,0.975609756097561,Third,Least deprived,Urban
DZ00345,1,677,5,707,3,860,863,284,872,1433,906,733,91,78,16.67,Large Urban,1.4771048744460857,Third,Least deprived,Urban
DZ00346,3,701,1,130,1,134,222,91,184,1218,101,265,170,176,20.83,Large Urban,4.279600570613409,Most deprived,Fourth,Urban
DZ00348,2,761,1,126,1,139,76,67,230,1511,175,891,380,409,28.57,Large Urban,2.628120893561104,Most deprived,Least deprived,Urban
DZ00349,6,825,1,155,1,184,113,73,451,1111,561,178,165,221,24.14,Large Urban,7.2727272727272725,Most deprived,Fourth,Urban
DZ00350,5,847,2,244,1,249,395,171,78,1385,805,490,277,144,51.72,Large Urban,5.903187721369539,Most deprived,Least deprived,Urban
DZ00351,3,789,5,740,3,777,470,516,1064,1473,733,254,165,124,29.03,Large Urban,3.802281368821293,Third,Least deprived,Urban
DZ00352,2,791,4,605,2,801,584,591,622,786,57,745,120,243,14.29,Large Urban,2.5284450063211126,Third,Third,Urban
DZ00353,1,800,3,420,2,518,245,580,100,1135,687,445,77,120,18.18,Large Urban,1.25,Second,Fourth,Urban
DZ00357,1,829,10,1548,5,1523,1521,1481,1589,1224,856,1491,63,48,9.09,Other Urban,1.2062726176115801,Least deprived,Fourth,Urban
DZ00359,1,931,6,870,3,1066,799,980,497,710,466,1044,104,183,8.82,Other Urban,1.0741138560687433,Fourth,Third,Urban
DZ00360,1,568,8,1126,4,1093,925,1136,1007,1261,1033,722,197,89,5.26,Other Urban,1.7605633802816902,Fourth,Fourth,Urban
DZ00364,1,781,9,1337,5,1288,1369,1410,1461,261,871,1348,60,77,10,Remote Rural,1.2804097311139564,Least deprived,Most deprived,Rural
DZ00365,1,703,7,1103,4,1197,483,1308,1160,600,910,400,74,134,4,Accessible Small Towns,1.4224751066856332,Fourth,Second,Urban
DZ00366,2,877,6,895,3,845,938,1114,480,1000,555,730,95,74,8.7,Accessible Small Towns,2.280501710376283,Third,Fourth,Urban
DZ00367,1,875,3,478,2,443,549,448,517,853,295,1373,120,201,4,Remote Small Towns,1.142857142857143,Second,Third,Urban
DZ00368,6,693,2,252,1,119,339,390,390,604,362,76,186,145,20.83,Accessible Small Towns,8.658008658008658,Most deprived,Second,Urban
DZ00371,2,695,5,646,3,576,878,537,1046,559,442,1110,82,157,21.05,Accessible Small Towns,2.8776978417266186,Second,Second,Urban
DZ00373,1,784,6,883,3,1055,813,753,1527,25,911,946,130,85,21.05,Remote Rural,1.2755102040816326,Fourth,Most deprived,Rural
DZ00377,1,724,9,1329,5,1323,1334,1211,1270,574,1359,1596,92,50,13.33,Accessible Rural,1.3812154696132597,Least deprived,Second,Rural
DZ00378,1,806,10,1471,5,1403,1426,1366,1518,1157,1428,1164,65,44,5.88,Other Urban,1.2406947890818858,Least deprived,Fourth,Urban
DZ00379,1,710,9,1321,5,1333,1019,1198,1378,1060,1167,1585,121,157,6.67,Other Urban,1.4084507042253522,Least deprived,Fourth,Urban
DZ00380,3,978,5,652,3,719,587,522,685,1464,372,226,168,125,25.93,Other Urban,3.067484662576687,Third,Least deprived,Urban
DZ00382,1,912,4,509,2,762,310,380,543,1129,286,518,149,156,25.71,Large Urban,1.0964912280701753,Third,Fourth,Urban
DZ00383,1,1053,9,1406,5,1423,1208,1402,1316,1194,1142,584,50,83,11.11,Large Urban,0.9496676163342831,Least deprived,Fourth,Urban
DZ00384,3,772,7,1062,4,819,1418,759,891,1555,1103,1270,94,104,21.74,Large Urban,3.8860103626943006,Third,Least deprived,Urban
DZ00385,2,885,4,538,2,479,915,335,734,1336,252,395,119,108,27.78,Large Urban,2.2598870056497176,Second,Least deprived,Urban
DZ00387,3,909,1,67,1,59,218,32,108,1595,14,3,201,236,30.43,Large Urban,3.3003300330033003,Most deprived,Least deprived,Urban
DZ00389,5,771,1,35,1,31,31,40,30,1557,520,54,293,256,30,Large Urban,6.485084306095979,Most deprived,Least deprived,Urban
DZ00390,5,911,1,46,1,27,50,53,122,1486,141,213,218,523,32.14,Large Urban,5.488474204171241,Most deprived,Least deprived,Urban
DZ00391,4,720,4,515,2,407,353,790,851,741,271,8,130,210,14.29,Large Urban,5.555555555555555,Second,Third,Urban
DZ00392,2,608,2,171,1,149,93,250,245,1181,110,21,167,214,15.38,Large Urban,3.289473684210526,Most deprived,Fourth,Urban
DZ00393,3,769,2,210,1,247,71,300,391,1105,20,70,246,414,30.56,Large Urban,3.9011703511053315,Most deprived,Fourth,Urban
DZ00394,3,923,8,1152,4,1272,1215,1188,290,1020,1098,1593,177,113,2.78,Large Urban,3.2502708559046587,Fourth,Fourth,Urban
DZ00395,1,716,9,1378,5,983,1473,1471,1405,1434,607,1033,63,107,8,Large Urban,1.3966480446927374,Fourth,Least deprived,Urban
DZ00405,1,803,9,1421,5,1281,1489,1466,1393,426,1323,1426,66,39,0,Remote Small Towns,1.2453300124533002,Fourth,Second,Urban
DZ00406,2,848,1,122,1,193,118,243,55,355,284,820,139,306,23.08,Accessible Small Towns,2.3584905660377355,Most deprived,Second,Urban
DZ00407,6,813,2,180,1,144,362,252,248,502,85,132,153,158,40.74,Remote Small Towns,7.380073800738007,Most deprived,Second,Urban
DZ00408,2,788,3,436,2,592,589,535,162,544,381,171,99,109,23.33,Accessible Small Towns,2.5380710659898473,Second,Second,Urban
DZ00409,1,728,4,570,2,544,663,622,754,541,429,124,156,109,24,Accessible Small Towns,1.3736263736263736,Second,Second,Urban
DZ00411,3,841,3,346,2,311,446,255,463,519,1244,1112,98,146,19.35,Accessible Small Towns,3.5671819262782405,Most deprived,Second,Urban
DZ00415,1,794,7,1053,4,1101,1078,1054,1065,100,1443,1600,116,63,9.38,Accessible Rural,1.2594458438287153,Fourth,Most deprived,Rural
DZ00417,1,892,4,562,2,439,703,667,643,251,1158,1481,60,121,0,Accessible Rural,1.1210762331838564,Second,Most deprived,Rural
DZ00421,3,946,3,455,2,446,403,518,316,980,300,1014,191,145,20,Large Urban,3.171247357293869,Second,Fourth,Urban
DZ00422,2,798,1,133,1,218,94,103,120,1406,78,333,167,242,10.53,Large Urban,2.506265664160401,Most deprived,Least deprived,Urban
DZ00423,1,885,3,475,2,377,748,396,381,1103,801,672,90,98,14.29,Large Urban,1.1299435028248588,Second,Fourth,Urban
DZ00424,3,713,1,36,1,33,48,22,297,998,263,23,284,422,33.33,Large Urban,4.207573632538569,Most deprived,Fourth,Urban
DZ00425,4,575,1,28,1,17,56,13,98,1512,214,209,251,293,28.57,Large Urban,6.9565217391304355,Most deprived,Least deprived,Urban
DZ00426,8,766,1,4,1,7,7,4,11,1427,22,30,312,729,43.48,Large Urban,10.443864229765014,Most deprived,Least deprived,Urban
DZ00427,10,754,1,3,1,10,4,3,2,1599,56,11,268,817,41.67,Large Urban,13.262599469496022,Most deprived,Least deprived,Urban
DZ00428,12,754,1,1,1,2,1,1,1,1285,4,131,539,1279,38.89,Large Urban,15.915119363395226,Most deprived,Least deprived,Urban
DZ00429,5,906,1,16,1,15,15,15,83,922,23,932,284,535,46.67,Large Urban,5.518763796909493,Most deprived,Third,Urban
DZ00430,5,827,1,120,1,46,506,185,44,940,703,298,217,423,33.33,Large Urban,6.045949214026602,Most deprived,Third,Urban
DZ00431,1,785,2,163,1,51,192,229,229,1407,666,186,101,259,35.48,Large Urban,1.2738853503184713,Most deprived,Least deprived,Urban
DZ00432,1,730,5,672,3,655,500,497,1022,1386,463,739,181,174,27.27,Large Urban,1.36986301369863,Third,Least deprived,Urban
DZ00434,2,671,6,923,3,1156,984,820,547,560,1407,240,77,106,23.53,Large Urban,2.9806259314456036,Fourth,Second,Urban
DZ00435,1,932,8,1208,4,1135,1235,1367,825,951,815,579,48,91,10.71,Large Urban,1.0729613733905579,Fourth,Third,Urban
DZ00438,1,827,7,1112,4,840,1364,1076,1206,679,1156,1287,108,77,8,Other Urban,1.2091898428053203,Third,Third,Urban
DZ00442,1,923,9,1314,5,1438,1311,1321,1259,249,1256,1005,114,48,8,Remote Rural,1.0834236186348862,Least deprived,Most deprived,Rural
DZ00443,1,747,5,667,3,837,427,736,694,296,1266,977,150,227,9.52,Remote Rural,1.3386880856760375,Third,Most deprived,Rural
DZ00445,1,847,3,383,2,374,807,290,885,166,750,224,95,35,21.74,Accessible Rural,1.1806375442739079,Second,Most deprived,Rural
DZ00446,2,774,1,23,1,13,19,50,33,583,72,663,320,450,25,Accessible Small Towns,2.5839793281653747,Most deprived,Second,Urban
DZ00447,2,809,2,216,1,319,168,199,428,586,53,419,179,231,16.67,Accessible Small Towns,2.472187886279357,Most deprived,Second,Urban
DZ00448,4,676,1,73,1,81,136,57,149,680,326,256,187,485,39.13,Accessible Small Towns,5.9171597633136095,Most deprived,Third,Urban
DZ00449,1,512,7,1049,4,1026,1196,1145,1097,277,969,704,55,196,5.88,Remote Small Towns,1.953125,Fourth,Most deprived,Urban
DZ00451,2,1019,3,425,2,643,859,309,373,124,781,1376,96,106,22.86,Accessible Rural,1.9627085377821392,Third,Most deprived,Rural
DZ00453,2,801,7,1066,4,1098,1291,1130,1397,22,875,1089,64,51,14.81,Accessible Rural,2.4968789013732833,Fourth,Most deprived,Rural
DZ00456,3,812,9,1307,5,1286,1411,1392,1050,197,1511,1578,55,66,0,Accessible Rural,3.694581280788177,Least deprived,Most deprived,Rural
DZ00457,2,952,5,668,3,457,868,502,1107,691,1324,896,74,125,14.29,Other Urban,2.100840336134454,Second,Third,Urban
DZ00459,1,1018,6,863,3,673,1122,763,958,1290,819,167,223,130,19.44,Other Urban,0.9823182711198427,Third,Least deprived,Urban
DZ00461,8,931,1,72,1,118,38,72,71,1034,274,706,401,590,16.67,Large Urban,8.592910848549947,Most deprived,Fourth,Urban
DZ00462,1,741,1,111,1,173,172,162,18,1131,105,455,152,209,24.14,Large Urban,1.3495276653171389,Most deprived,Fourth,Urban
DZ00463,2,922,1,99,1,182,181,137,42,611,17,1399,318,163,28,Large Urban,2.1691973969631237,Most deprived,Second,Urban
DZ00464,5,978,1,129,1,78,150,75,142,1580,594,346,308,200,15.15,Large Urban,5.112474437627812,Most deprived,Least deprived,Urban
DZ00465,5,1094,3,327,2,280,290,402,518,694,291,142,105,263,41.03,Large Urban,4.570383912248629,Most deprived,Third,Urban
DZ00466,4,969,2,290,1,504,565,116,80,1591,12,184,205,201,22.22,Large Urban,4.127966976264189,Second,Least deprived,Urban
DZ00467,4,887,2,161,1,99,69,187,303,1509,368,67,247,461,25.81,Large Urban,4.509582863585118,Most deprived,Least deprived,Urban
DZ00468,18,86,1,32,1,14,29,38,168,1400,261,80,256,583,46.15,Large Urban,209.30232558139537,Most deprived,Least deprived,Urban
DZ00469,12,71,1,77,1,36,78,95,194,1490,199,77,185,140,42.86,Large Urban,169.01408450704224,Most deprived,Least deprived,Urban
DZ00470,18,85,1,7,1,9,6,12,5,1495,37,676,527,727,60,Large Urban,211.76470588235293,Most deprived,Least deprived,Urban
DZ00471,6,899,1,55,1,91,55,102,84,1021,2,154,551,416,37.14,Large Urban,6.674082313681869,Most deprived,Fourth,Urban
DZ00472,2,973,2,209,1,157,301,235,92,1414,212,285,172,182,24.14,Large Urban,2.055498458376156,Most deprived,Least deprived,Urban
DZ00473,1,620,5,658,3,564,278,974,507,1257,339,1307,134,301,23.53,Large Urban,1.6129032258064515,Second,Fourth,Urban
DZ00474,1,834,3,331,2,316,317,609,190,440,344,667,154,136,14.29,Large Urban,1.199040767386091,Most deprived,Second,Urban
DZ00475,1,1019,10,1478,5,1310,1513,1359,1494,1415,1463,1098,26,75,12,Large Urban,0.9813542688910696,Least deprived,Least deprived,Urban
DZ00478,3,865,6,841,3,617,735,990,861,1397,693,383,154,160,36.59,Large Urban,3.468208092485549,Second,Least deprived,Urban
DZ00480,4,837,1,84,1,83,130,52,113,1430,121,818,275,534,17.39,Other Urban,4.778972520908004,Most deprived,Least deprived,Urban
DZ00482,1,900,8,1239,4,1115,1516,1351,1271,66,1402,917,71,57,2.27,Remote Rural,1.1111111111111112,Fourth,Most deprived,Rural
DZ00485,2,732,3,441,2,686,602,393,468,178,682,357,91,142,13.04,Accessible Rural,2.73224043715847,Third,Most deprived,Rural
DZ00486,3,917,1,62,1,65,115,59,107,673,449,147,210,293,39.29,Accessible Rural,3.271537622682661,Most deprived,Third,Rural
DZ00487,1,856,3,329,2,303,203,450,701,200,763,1230,140,122,36.84,Accessible Rural,1.1682242990654206,Most deprived,Most deprived,Rural
DZ00489,1,1047,6,935,3,967,835,741,1011,542,1449,1537,95,156,13.33,Accessible Rural,0.9551098376313276,Fourth,Second,Rural
DZ00490,1,885,4,589,2,809,171,787,723,320,834,590,141,186,10.26,Accessible Rural,1.1299435028248588,Third,Most deprived,Rural
DZ00495,2,735,5,783,3,649,957,955,566,411,1378,1138,102,61,6.06,Accessible Rural,2.7210884353741496,Third,Second,Rural
DZ00496,1,460,8,1128,4,1253,786,1161,1250,215,1419,1379,127,127,6.25,Accessible Rural,2.1739130434782608,Fourth,Most deprived,Rural
DZ00501,3,719,3,452,2,365,567,481,674,772,239,241,206,176,17.86,Large Urban,4.172461752433936,Second,Third,Urban
DZ00503,4,1092,1,87,1,73,135,78,133,909,397,696,320,300,38.71,Large Urban,3.663003663003663,Most deprived,Third,Urban
DZ00504,1,780,1,134,1,109,214,142,70,1271,904,15,249,459,33.33,Large Urban,1.2820512820512822,Most deprived,Fourth,Urban
DZ00505,1,673,6,830,3,738,1207,654,827,1211,410,948,100,59,18.18,Large Urban,1.4858841010401187,Third,Fourth,Urban
DZ00506,2,714,6,924,3,1094,676,725,942,1447,513,416,98,273,11.54,Large Urban,2.8011204481792715,Fourth,Least deprived,Urban
DZ00507,1,879,6,860,3,1052,1005,635,569,986,1151,689,109,170,16,Large Urban,1.1376564277588168,Fourth,Fourth,Urban
DZ00508,6,821,1,34,1,29,37,45,145,1256,29,168,408,248,60.71,Large Urban,7.3081607795371495,Most deprived,Fourth,Urban
DZ00509,4,837,1,118,1,141,65,216,134,1364,1,34,279,378,18.75,Large Urban,4.778972520908004,Most deprived,Least deprived,Urban
DZ00510,2,564,1,47,1,72,41,47,14,1587,47,506,377,405,23.53,Large Urban,3.5460992907801416,Most deprived,Least deprived,Urban
DZ00511,5,701,1,9,1,8,5,14,45,1186,195,1,678,904,57.89,Large Urban,7.132667617689016,Most deprived,Fourth,Urban
DZ00512,3,795,1,112,1,240,81,184,12,1317,45,431,200,269,25,Large Urban,3.7735849056603774,Most deprived,Least deprived,Urban
DZ00513,2,766,1,92,1,131,208,99,79,823,149,10,208,142,40.91,Large Urban,2.6109660574412534,Most deprived,Third,Urban
DZ00514,4,798,2,277,1,153,216,359,582,1143,92,236,242,154,28.57,Large Urban,5.012531328320802,Most deprived,Fourth,Urban
DZ00515,2,787,5,675,3,522,697,755,735,659,980,1289,155,164,13.51,Large Urban,2.5412960609911055,Second,Third,Urban
DZ00516,4,708,3,461,2,385,316,295,874,1528,573,100,178,225,18.18,Large Urban,5.649717514124294,Second,Least deprived,Urban
DZ00517,1,1002,4,547,2,571,518,828,171,576,1193,278,163,88,16.67,Large Urban,0.998003992015968,Second,Second,Urban
DZ00518,5,653,3,378,2,185,497,442,404,1281,811,341,117,113,22.22,Other Urban,7.656967840735069,Most deprived,Fourth,Urban
DZ00519,1,941,4,504,2,635,714,259,439,1489,427,270,94,158,12.12,Other Urban,1.0626992561105206,Second,Least deprived,Urban
DZ00520,2,558,1,51,1,49,26,66,196,1169,178,104,282,429,38.89,Other Urban,3.5842293906810037,Most deprived,Fourth,Urban
DZ00523,1,950,8,1172,4,941,1312,1208,1261,707,920,1357,46,82,19.23,Accessible Rural,1.0526315789473684,Third,Third,Rural
DZ00525,1,779,4,546,2,865,235,778,657,24,1159,828,134,125,16.67,Accessible Rural,1.2836970474967906,Third,Most deprived,Rural
DZ00526,1,629,3,330,2,696,530,179,227,145,1277,608,107,85,12.5,Accessible Rural,1.589825119236884,Third,Most deprived,Rural
DZ00527,2,730,3,427,2,490,378,358,501,307,1434,1250,145,191,9.52,Accessible Rural,2.73972602739726,Second,Most deprived,Rural
DZ00528,1,531,2,229,1,206,463,297,331,180,456,548,239,86,33.33,Accessible Rural,1.8832391713747645,Most deprived,Most deprived,Rural
DZ00529,7,775,1,21,1,22,97,36,24,133,153,180,221,200,24.24,Accessible Rural,9.03225806451613,Most deprived,Most deprived,Rural
DZ00530,1,855,1,106,1,161,333,48,101,486,1031,243,128,220,30,Accessible Rural,1.1695906432748537,Most deprived,Second,Rural
DZ00531,3,799,1,14,1,41,40,11,16,154,558,98,205,254,42.11,Accessible Rural,3.7546933667083855,Most deprived,Most deprived,Rural
DZ00532,1,701,3,408,2,335,551,612,393,384,452,461,116,159,9.09,Accessible Rural,1.4265335235378032,Second,Second,Rural
DZ00534,2,780,2,256,1,342,226,312,106,504,502,1181,158,101,26.32,Accessible Rural,2.5641025641025643,Second,Second,Rural
DZ00535,2,745,4,494,2,616,397,360,667,408,1300,881,160,192,29.63,Other Urban,2.6845637583892614,Second,Second,Urban
DZ00538,1,943,9,1393,5,1405,1179,1213,1411,1363,1490,839,99,43,6.9,Other Urban,1.0604453870625663,Least deprived,Least deprived,Urban
DZ00539,1,606,9,1326,5,1452,1158,1184,1275,839,1336,376,73,48,5.88,Other Urban,1.6501650165016502,Least deprived,Third,Urban
DZ00540,1,638,7,1104,4,846,874,1144,1267,1454,818,849,112,126,10,Other Urban,1.567398119122257,Third,Least deprived,Urban
DZ00541,2,612,2,169,1,159,275,160,148,841,462,234,121,167,11.76,Other Urban,3.2679738562091503,Most deprived,Third,Urban
DZ00542,4,773,1,76,1,129,132,129,34,864,27,61,90,242,19.23,Large Urban,5.17464424320828,Most deprived,Third,Urban
DZ00543,2,680,2,220,1,238,305,190,220,966,464,17,172,68,17.39,Large Urban,2.941176470588235,Most deprived,Fourth,Urban
DZ00544,3,722,2,278,1,197,482,172,335,1239,921,88,133,104,36.36,Large Urban,4.1551246537396125,Most deprived,Fourth,Urban
DZ00545,3,677,4,503,2,542,409,337,426,1375,1271,519,168,221,8.7,Large Urban,4.431314623338257,Second,Least deprived,Urban
DZ00547,1,710,5,799,3,658,1073,503,571,1589,1080,1094,119,138,33.33,Large Urban,1.4084507042253522,Third,Least deprived,Urban
DZ00549,3,824,5,745,3,595,958,973,558,871,278,1022,142,139,5.26,Large Urban,3.6407766990291264,Second,Third,Urban
DZ00550,1,711,1,101,1,122,107,141,50,1410,132,62,137,235,32.35,Large Urban,1.4064697609001406,Most deprived,Least deprived,Urban
DZ00551,2,966,1,22,1,18,12,8,126,1570,48,91,251,578,42.86,Large Urban,2.070393374741201,Most deprived,Least deprived,Urban
DZ00552,8,645,1,13,1,12,22,10,8,1530,7,768,436,699,13.64,Large Urban,12.4031007751938,Most deprived,Least deprived,Urban
DZ00554,1,783,2,249,1,242,313,383,187,981,8,208,157,245,5.88,Large Urban,1.277139208173691,Most deprived,Fourth,Urban
DZ00555,11,694,2,196,1,181,103,195,519,649,540,101,250,186,64.71,Large Urban,15.85014409221902,Most deprived,Third,Urban
DZ00558,1,761,7,1059,4,1059,780,985,852,1413,1177,1450,91,204,8.33,Other Urban,1.314060446780552,Fourth,Least deprived,Urban
DZ00560,2,728,2,295,1,207,146,307,291,1358,807,616,208,276,22.22,Other Urban,2.7472527472527473,Most deprived,Least deprived,Urban
DZ00561,1,685,8,1199,4,1092,1383,1026,1414,530,1178,1192,94,109,4.35,Accessible Rural,1.4598540145985401,Fourth,Second,Rural
DZ00563,2,862,9,1359,5,1335,1304,1291,1280,526,1523,1597,68,50,8.33,Accessible Rural,2.320185614849188,Least deprived,Second,Rural
DZ00564,4,769,5,742,3,447,546,752,1157,678,1528,1201,106,100,23.08,Accessible Rural,5.201560468140443,Second,Third,Rural
DZ00566,3,785,4,630,2,624,864,668,516,994,245,185,112,100,23.81,Other Urban,3.821656050955414,Second,Fourth,Urban
DZ00567,1,857,4,487,2,599,410,331,870,587,482,944,94,105,28.57,Other Urban,1.1668611435239205,Second,Second,Urban
DZ00568,2,873,1,26,1,54,27,37,13,317,359,1150,183,380,16.67,Accessible Rural,2.2909507445589923,Most deprived,Most deprived,Rural
DZ00569,4,921,1,57,1,26,44,113,169,1225,198,426,269,351,16.22,Other Urban,4.3431053203040175,Most deprived,Fourth,Urban
DZ00570,1,523,1,17,1,42,30,49,21,165,3,450,440,240,26.32,Accessible Rural,1.9120458891013383,Most deprived,Most deprived,Rural
DZ00574,1,742,2,298,1,352,209,519,51,1130,258,170,184,129,20,Other Urban,1.3477088948787064,Second,Fourth,Urban
DZ00575,4,842,3,361,2,307,387,485,252,1450,59,464,143,192,3.57,Other Urban,4.750593824228028,Most deprived,Least deprived,Urban
DZ00578,2,715,9,1335,5,1361,1105,1289,1398,540,1385,1540,68,62,12.5,Accessible Rural,2.797202797202797,Least deprived,Second,Rural
DZ00579,2,772,7,986,4,830,882,1284,724,628,929,609,128,162,3.57,Other Urban,2.5906735751295336,Third,Second,Urban
DZ00580,1,536,3,391,2,459,467,313,412,1026,201,413,118,99,30,Other Urban,1.8656716417910448,Second,Fourth,Urban
DZ00581,1,1094,10,1450,5,1429,1300,1456,1312,1214,1084,1002,71,110,8.11,Other Urban,0.9140767824497258,Least deprived,Fourth,Urban
DZ00583,3,1257,5,773,3,939,853,935,386,776,216,773,86,97,10.64,Large Urban,2.3866348448687353,Third,Third,Urban
DZ00584,1,790,3,466,2,395,371,446,427,1420,529,721,156,226,31.82,Large Urban,1.2658227848101267,Second,Least deprived,Urban
DZ00586,4,1079,6,813,3,735,801,747,908,1182,582,1084,90,107,18.18,Large Urban,3.7071362372567194,Third,Fourth,Urban
DZ00588,3,749,1,102,1,69,155,157,99,750,523,729,157,230,31.58,Large Urban,4.005340453938585,Most deprived,Third,Urban
DZ00589,2,980,1,114,1,209,87,44,191,1520,228,29,182,170,27.08,Large Urban,2.0408163265306123,Most deprived,Least deprived,Urban
DZ00590,5,919,3,366,2,212,239,272,399,1600,556,775,224,305,38.71,Large Urban,5.4406964091403704,Most deprived,Least deprived,Urban
DZ00591,6,674,2,185,1,120,112,170,448,1305,304,382,203,401,25,Large Urban,8.902077151335313,Most deprived,Least deprived,Urban
DZ00592,2,785,1,43,1,39,52,143,29,791,30,440,158,265,45,Large Urban,2.5477707006369426,Most deprived,Third,Urban
DZ00593,5,792,1,82,1,38,106,122,249,1284,86,127,192,441,37.04,Large Urban,6.313131313131313,Most deprived,Least deprived,Urban
DZ00595,1,759,5,684,3,450,1070,734,810,756,250,1237,134,87,17.39,Large Urban,1.3175230566534915,Second,Third,Urban
DZ00598,1,1045,8,1257,4,1327,1281,991,1354,1012,1044,480,61,77,4,Other Urban,0.9569377990430622,Least deprived,Fourth,Urban
DZ00599,1,806,7,1007,4,768,1076,1092,965,1066,695,956,106,114,5.88,Other Urban,1.2406947890818858,Third,Fourth,Urban
DZ00600,3,1085,1,140,1,300,163,63,86,1062,640,140,277,415,17.86,Other Urban,2.7649769585253456,Most deprived,Fourth,Urban
DZ00602,1,823,8,1234,4,1108,711,1467,620,1460,1145,1515,120,169,21.05,Accessible Small Towns,1.215066828675577,Fourth,Least deprived,Urban
DZ00604,2,998,2,261,1,200,159,183,462,1132,1028,456,190,160,16.67,Accessible Small Towns,2.004008016032064,Most deprived,Fourth,Urban
DZ00605,2,574,2,286,1,314,125,279,479,722,822,217,155,432,30,Other Urban,3.484320557491289,Most deprived,Third,Urban
DZ00606,1,874,2,308,1,435,343,155,416,385,931,889,105,109,9.09,Accessible Rural,1.1441647597254005,Second,Second,Rural
DZ00607,3,890,3,360,2,269,426,550,323,982,134,288,132,120,12.5,Other Urban,3.370786516853933,Most deprived,Fourth,Urban
DZ00608,7,612,1,64,1,50,64,138,58,962,454,37,205,307,43.48,Other Urban,11.437908496732025,Most deprived,Fourth,Urban
DZ00609,8,742,1,44,1,34,84,135,28,629,64,546,276,406,33.33,Other Urban,10.781671159029651,Most deprived,Second,Urban
DZ00610,1,562,4,601,2,516,288,604,1035,1053,827,136,129,186,20,Other Urban,1.779359430604982,Second,Fourth,Urban
DZ00611,1,755,4,579,2,851,789,389,338,1242,434,14,129,157,18.52,Other Urban,1.3245033112582782,Third,Fourth,Urban
DZ00617,5,789,6,859,3,520,1172,998,794,692,1218,1191,96,73,10.34,Other Urban,6.337135614702154,Second,Third,Urban
DZ00618,1,911,9,1399,5,1263,1382,1445,1465,196,1586,1531,86,44,10.34,Accessible Rural,1.0976948408342482,Fourth,Most deprived,Rural
DZ00620,1,685,10,1490,5,1431,1213,1460,1562,1391,557,1336,44,38,9.09,Other Urban,1.4598540145985401,Least deprived,Least deprived,Urban
DZ00621,1,694,7,1078,4,1261,1095,784,832,1340,1110,294,73,237,17.65,Large Urban,1.440922190201729,Fourth,Least deprived,Urban
DZ00624,1,905,5,765,3,615,756,989,554,740,1139,653,180,102,17.24,Large Urban,1.1049723756906078,Second,Third,Urban
DZ00625,1,770,7,1084,4,955,918,1234,771,1472,528,1246,67,112,23.33,Large Urban,1.2987012987012987,Third,Least deprived,Urban
DZ00626,2,924,5,797,3,685,698,672,1230,978,768,874,141,65,16.67,Large Urban,2.1645021645021645,Third,Fourth,Urban
DZ00627,2,819,4,542,2,434,322,874,334,1208,375,735,159,370,13.33,Large Urban,2.442002442002442,Second,Fourth,Urban
DZ00628,3,759,2,182,1,172,221,174,234,1369,147,4,228,186,38.89,Large Urban,3.952569169960474,Most deprived,Least deprived,Urban
DZ00629,4,777,2,272,1,105,250,405,403,955,398,933,303,204,32.35,Large Urban,5.148005148005148,Most deprived,Third,Urban
DZ00630,2,858,9,1422,5,1292,1455,1405,1534,987,599,894,67,76,6.9,Large Urban,2.331002331002331,Least deprived,Fourth,Urban
DZ00631,2,1167,3,340,2,558,223,273,189,1372,453,40,149,111,10.71,Large Urban,1.7137960582690661,Second,Least deprived,Urban
DZ00632,2,711,3,477,2,382,574,665,500,472,447,417,105,402,27.27,Large Urban,2.8129395218002813,Second,Second,Urban
DZ00633,1,845,4,575,2,632,359,739,532,623,755,116,155,163,11.43,Large Urban,1.183431952662722,Second,Second,Urban
DZ00634,1,782,5,738,3,733,834,655,579,1196,350,1466,61,47,25,Large Urban,1.278772378516624,Third,Fourth,Urban
DZ00638,3,839,10,1504,5,1451,1288,1398,1469,1389,1590,902,118,38,3.33,Other Urban,3.575685339690107,Least deprived,Least deprived,Urban
DZ00640,3,804,1,66,1,113,57,159,46,337,494,112,163,263,31.03,Accessible Rural,3.7313432835820897,Most deprived,Second,Rural
DZ00642,2,876,7,1057,4,882,979,1279,986,738,1398,9,54,77,9.09,Accessible Small Towns,2.28310502283105,Third,Third,Urban
DZ00643,1,551,5,731,3,936,976,354,947,888,937,372,140,96,11.54,Accessible Small Towns,1.8148820326678765,Third,Third,Urban
DZ00644,4,788,2,282,1,147,681,269,429,654,203,864,126,153,33.33,Other Urban,5.076142131979695,Most deprived,Third,Urban
DZ00645,3,688,1,75,1,67,292,56,49,1079,298,751,148,178,20,Other Urban,4.3604651162790695,Most deprived,Fourth,Urban
DZ00647,2,569,2,211,1,322,376,161,201,405,345,576,181,195,29.17,Other Urban,3.51493848857645,Second,Second,Urban
DZ00648,1,595,2,167,1,430,384,117,17,618,355,200,232,173,24,Other Urban,1.680672268907563,Second,Second,Urban
DZ00649,1,588,2,164,1,151,253,230,173,501,140,479,166,313,22.22,Other Urban,1.7006802721088434,Most deprived,Second,Urban
DZ00650,1,787,5,662,3,747,529,704,413,1252,589,432,255,205,7.69,Other Urban,1.2706480304955527,Third,Fourth,Urban
DZ00651,2,761,2,166,1,379,80,154,32,1039,829,42,198,314,20,Other Urban,2.628120893561104,Second,Fourth,Urban
DZ00652,3,814,2,208,1,220,101,274,214,958,165,1137,257,356,22.86,Other Urban,3.6855036855036856,Most deprived,Third,Urban
DZ00653,1,770,8,1196,4,1086,1384,1181,895,1197,1143,391,133,89,7.69,Other Urban,1.2987012987012987,Fourth,Fourth,Urban
DZ00654,1,747,9,1330,5,1291,1225,1331,878,1459,1292,1324,96,77,0,Other Urban,1.3386880856760375,Least deprived,Least deprived,Urban
DZ00656,2,762,7,976,4,876,1108,831,881,826,1476,802,100,98,17.24,Other Urban,2.6246719160104988,Third,Third,Urban
DZ00658,1,889,7,1113,4,878,1046,1313,873,1064,1002,1139,63,111,15.91,Other Urban,1.124859392575928,Third,Fourth,Urban
DZ00659,4,954,3,439,2,400,569,287,707,1348,213,351,164,148,25,Other Urban,4.1928721174004195,Second,Least deprived,Urban
DZ00660,4,624,6,893,3,755,633,1112,1210,727,194,873,183,210,21.05,Other Urban,6.41025641025641,Third,Third,Urban
DZ00661,1,861,9,1392,5,1408,1115,1271,1278,1343,1537,1501,70,125,0,Other Urban,1.1614401858304297,Least deprived,Least deprived,Urban
DZ00662,1,726,9,1298,5,1356,1410,1089,1436,489,1188,486,106,63,9.09,Other Urban,1.3774104683195594,Least deprived,Second,Urban
DZ00664,2,904,3,459,2,626,298,377,484,1085,283,227,259,120,44,Large Urban,2.2123893805309733,Second,Fourth,Urban
DZ00665,3,935,3,403,2,358,303,247,550,1536,967,191,132,306,28.57,Large Urban,3.2085561497326203,Second,Least deprived,Urban
DZ00666,1,841,7,966,4,826,665,1070,974,1424,514,604,127,250,13.33,Large Urban,1.1890606420927465,Third,Least deprived,Urban
DZ00667,9,1021,3,354,2,234,346,478,259,1392,317,512,162,192,36,Large Urban,8.81488736532811,Most deprived,Least deprived,Urban
DZ00669,2,885,5,666,3,772,808,613,284,1527,156,858,107,112,10,Large Urban,2.2598870056497176,Third,Least deprived,Urban
DZ00670,2,588,8,1270,4,1304,1340,843,1194,1507,1262,1443,57,46,0,Large Urban,3.401360544217687,Least deprived,Least deprived,Urban
DZ00675,1,1018,10,1534,5,1342,1531,1483,1508,1598,1212,1518,70,88,13.89,Large Urban,0.9823182711198427,Least deprived,Least deprived,Urban
DZ00676,2,890,9,1396,5,1119,1275,1468,1550,784,1121,1297,103,59,5.88,Other Urban,2.247191011235955,Fourth,Third,Urban
DZ00679,1,1079,2,186,1,213,293,206,146,636,224,286,193,118,11.9,Other Urban,0.9267840593141798,Most deprived,Second,Urban
DZ00680,2,995,5,766,3,775,752,731,1139,284,1021,1122,116,233,19.35,Accessible Rural,2.0100502512562817,Third,Most deprived,Rural
DZ00682,3,750,5,641,3,565,700,468,933,822,1253,814,92,130,33.33,Accessible Small Towns,4,Second,Third,Urban
DZ00684,1,858,1,59,1,80,25,111,104,796,135,342,303,355,32.14,Other Urban,1.1655011655011656,Most deprived,Third,Urban
DZ00685,1,774,3,394,2,672,493,213,246,1185,66,1240,111,160,17.39,Other Urban,1.2919896640826873,Third,Fourth,Urban
DZ00686,1,813,2,197,1,317,201,189,59,902,548,1017,163,328,29.17,Other Urban,1.2300123001230012,Most deprived,Third,Urban
DZ00688,4,888,2,176,1,201,583,115,206,730,21,1130,196,163,18.52,Other Urban,4.504504504504505,Most deprived,Third,Urban
DZ00689,2,660,2,237,1,145,741,123,317,1393,129,245,176,68,11.54,Other Urban,3.0303030303030303,Most deprived,Least deprived,Urban
DZ00690,3,803,1,69,1,104,28,79,144,1232,50,331,349,436,23.81,Other Urban,3.7359900373599007,Most deprived,Fourth,Urban
DZ00691,8,861,1,144,1,98,320,268,263,300,225,215,137,158,12.12,Other Urban,9.291521486643438,Most deprived,Most deprived,Urban
DZ00692,3,846,3,404,2,408,558,419,183,1209,287,783,180,109,20,Other Urban,3.5460992907801416,Second,Fourth,Urban
DZ00693,1,951,9,1382,5,1306,1447,1486,1009,553,1409,377,105,75,0,Large Urban,1.0515247108307044,Least deprived,Second,Urban
DZ00694,1,619,5,729,3,892,1036,651,276,824,1074,504,139,78,11.11,Large Urban,1.6155088852988693,Third,Third,Urban
DZ00695,1,891,4,536,2,849,638,426,228,970,446,425,148,107,25,Other Urban,1.122334455667789,Third,Fourth,Urban
DZ00696,3,850,8,1251,4,1284,1390,1138,868,1125,1124,1071,111,75,12,Other Urban,3.5294117647058827,Least deprived,Fourth,Urban
DZ00697,2,846,4,524,2,538,255,607,539,1057,785,219,118,167,17.24,Other Urban,2.3640661938534278,Second,Fourth,Urban
DZ00698,3,635,5,753,3,813,764,617,455,1499,601,1188,155,214,22.22,Other Urban,4.724409448818897,Third,Least deprived,Urban
DZ00701,1,723,4,514,2,715,169,368,768,1497,248,415,219,195,18.75,Other Urban,1.3831258644536653,Third,Least deprived,Urban
DZ00702,1,1015,6,889,3,1057,873,961,762,788,182,615,80,95,13.79,Other Urban,0.9852216748768472,Fourth,Third,Urban
DZ00704,1,613,1,135,1,158,121,132,420,838,41,19,144,387,45,Large Urban,1.6313213703099512,Most deprived,Third,Urban
DZ00705,3,738,2,246,1,308,158,173,200,1276,700,725,169,196,38.46,Large Urban,4.065040650406504,Most deprived,Fourth,Urban
DZ00706,3,1078,4,513,2,224,451,823,538,1488,505,177,219,297,14.71,Large Urban,2.782931354359926,Most deprived,Least deprived,Urban
DZ00707,5,994,3,435,2,323,494,298,812,1479,310,320,96,150,22.58,Large Urban,5.030181086519114,Second,Least deprived,Urban
DZ00708,4,873,1,158,1,166,95,265,150,967,142,188,141,198,47.83,Large Urban,4.581901489117985,Most deprived,Fourth,Urban
DZ00709,1,652,3,324,2,225,229,288,584,1187,418,1182,180,217,43.75,Large Urban,1.5337423312883436,Most deprived,Fourth,Urban
DZ00715,1,696,5,789,3,965,555,825,425,1072,1115,928,134,137,11.11,Large Urban,1.4367816091954022,Fourth,Fourth,Urban
DZ00717,2,609,7,1058,4,1077,1399,703,1081,1151,353,1542,63,124,7.14,Other Urban,3.284072249589491,Fourth,Fourth,Urban
DZ00718,4,1005,7,1097,4,1181,732,1055,1227,783,1211,306,160,250,6.9,Other Urban,3.980099502487562,Fourth,Third,Urban
DZ00721,1,538,10,1515,5,1554,1502,1462,1375,515,1255,1142,72,58,0,Accessible Small Towns,1.858736059479554,Least deprived,Second,Urban
DZ00722,1,859,4,627,2,454,646,706,652,1172,740,229,134,115,29.73,Other Urban,1.1641443538998835,Second,Fourth,Urban
DZ00724,1,800,3,418,2,502,321,345,610,606,631,682,243,337,31.03,Other Urban,1.25,Second,Second,Urban
DZ00725,2,869,1,148,1,116,68,257,179,1309,219,68,297,187,20,Other Urban,2.3014959723820483,Most deprived,Least deprived,Urban
DZ00726,1,565,6,815,3,913,856,856,626,657,796,1119,94,211,5.26,Other Urban,1.7699115044247788,Third,Third,Urban
DZ00727,4,809,1,74,1,93,11,96,157,1502,163,703,391,555,33.33,Other Urban,4.944375772558714,Most deprived,Least deprived,Urban
DZ00728,1,917,3,371,2,232,358,418,232,1559,765,262,179,449,18.18,Large Urban,1.0905125408942202,Most deprived,Least deprived,Urban
DZ00729,2,719,4,497,2,487,477,321,705,1341,413,1177,175,233,13.79,Large Urban,2.7816411682892905,Second,Least deprived,Urban
DZ00730,1,861,6,905,3,1200,833,727,890,704,624,193,161,108,13.64,Large Urban,1.1614401858304297,Fourth,Third,Urban
DZ00733,1,760,4,521,2,660,997,301,367,1213,343,365,164,112,8,Large Urban,1.3157894736842104,Third,Fourth,Urban
DZ00734,1,460,7,1002,4,959,746,1009,1165,897,1003,712,219,297,13.33,Large Urban,2.1739130434782608,Third,Third,Urban
DZ00735,2,595,3,356,2,279,619,414,410,444,459,1065,206,234,26.09,Large Urban,3.361344537815126,Most deprived,Second,Urban
DZ00736,1,837,5,688,3,919,1023,597,613,535,181,287,97,121,11.54,Other Urban,1.194743130227001,Third,Second,Urban
DZ00738,1,937,6,832,3,917,903,891,553,1036,534,541,108,156,12.82,Other Urban,1.0672358591248667,Third,Fourth,Urban
DZ00741,2,806,2,288,1,327,408,180,370,1356,43,159,159,79,19.23,Other Urban,2.4813895781637716,Second,Least deprived,Urban
DZ00743,1,706,8,1262,4,1185,1474,1343,624,1554,389,149,83,79,20,Other Urban,1.41643059490085,Fourth,Least deprived,Urban
DZ00746,6,863,2,192,1,140,182,167,208,1584,104,92,357,414,26.92,Large Urban,6.952491309385863,Most deprived,Least deprived,Urban
DZ00748,1,767,4,599,2,392,415,841,431,1534,511,532,220,243,33.33,Large Urban,1.303780964797914,Second,Least deprived,Urban
DZ00751,1,651,9,1340,5,1412,1509,1155,1132,1325,498,529,82,29,9.52,Large Urban,1.5360983102918586,Least deprived,Least deprived,Urban
DZ00753,1,1071,6,934,3,844,1098,923,934,865,905,301,75,106,6.67,Large Urban,0.9337068160597572,Third,Third,Urban
DZ00754,1,628,8,1280,4,1262,1135,1300,1161,1159,1057,810,137,56,11.11,Large Urban,1.5923566878980893,Fourth,Fourth,Urban
DZ00757,2,631,3,400,2,567,611,261,389,527,527,510,133,238,14.29,Other Urban,3.1695721077654517,Second,Second,Urban
DZ00758,2,861,3,396,2,227,350,801,615,306,335,560,336,177,25.93,Accessible Rural,2.3228803716608595,Most deprived,Most deprived,Rural
DZ00759,1,822,3,372,2,424,434,355,639,72,1164,1434,129,54,20,Accessible Rural,1.2165450121654502,Second,Most deprived,Rural
DZ00762,1,814,6,864,3,706,659,868,824,1394,1170,1108,148,96,22.58,Other Urban,1.2285012285012284,Third,Least deprived,Urban
DZ00763,1,776,2,174,1,187,314,201,181,598,180,28,163,188,38.1,Other Urban,1.288659793814433,Most deprived,Second,Urban
DZ00764,2,897,4,518,2,402,550,715,673,412,620,610,121,69,27.59,Other Urban,2.229654403567447,Second,Second,Urban
DZ00765,2,839,5,744,3,716,445,695,904,933,1209,755,174,143,29.63,Other Urban,2.3837902264600714,Third,Third,Urban
DZ00766,6,889,3,479,2,503,896,241,330,1405,583,757,101,128,50,Large Urban,6.749156355455568,Second,Least deprived,Urban
DZ00767,1,798,5,784,3,757,730,573,956,1028,1366,647,139,133,20,Large Urban,1.2531328320802004,Third,Fourth,Urban
DZ00768,2,624,3,433,2,549,520,233,737,988,578,7,134,136,36,Large Urban,3.205128205128205,Second,Fourth,Urban
DZ00776,4,782,2,319,1,276,91,564,65,1562,331,655,221,419,10,Large Urban,5.115089514066496,Most deprived,Least deprived,Urban
DZ00778,2,633,3,458,2,492,484,565,503,344,379,654,163,183,11.11,Other Urban,3.1595576619273302,Second,Second,Urban
DZ00779,2,806,7,1086,4,1046,893,862,1197,1350,1376,1091,101,104,11.54,Other Urban,2.4813895781637716,Fourth,Least deprived,Urban
DZ00780,1,753,5,796,3,711,776,699,1138,720,888,918,144,202,7.69,Other Urban,1.3280212483399734,Third,Third,Urban
DZ00781,1,709,2,234,1,286,85,128,564,1160,303,1166,178,404,10.81,Other Urban,1.4104372355430184,Most deprived,Fourth,Urban
DZ00782,1,699,5,761,3,740,849,687,887,915,255,1222,150,93,23.08,Other Urban,1.4306151645207439,Third,Third,Urban
DZ00783,1,889,9,1412,5,1439,1422,1312,1358,930,1052,1312,91,67,4.35,Other Urban,1.124859392575928,Least deprived,Third,Urban
DZ00784,1,879,9,1418,5,1248,1314,1519,1055,1411,1137,1218,147,45,10.71,Other Urban,1.1376564277588168,Fourth,Least deprived,Urban
DZ00785,2,1100,4,604,2,372,851,636,952,746,411,711,160,93,9.76,Other Urban,1.8181818181818181,Second,Third,Urban
DZ00786,3,736,4,593,2,638,508,698,243,1376,236,1106,170,224,12.5,Large Urban,4.076086956521739,Second,Least deprived,Urban
DZ00787,2,703,4,590,2,766,823,534,253,664,767,786,69,141,3.85,Other Urban,2.8449502133712663,Third,Third,Urban
DZ00788,2,922,6,869,3,539,993,892,1158,1402,728,106,112,74,14.29,Large Urban,2.1691973969631237,Second,Least deprived,Urban
DZ00789,2,692,4,625,2,561,1025,391,894,876,400,1090,146,118,19.35,Large Urban,2.890173410404624,Second,Third,Urban
DZ00790,4,553,7,1052,4,836,982,1168,1221,1188,173,906,113,58,31.82,Large Urban,7.2332730560578655,Third,Fourth,Urban
DZ00792,1,688,6,912,3,883,1101,662,1080,713,1138,1257,162,102,10.53,Other Urban,1.4534883720930232,Third,Third,Urban
DZ00793,3,792,4,572,2,469,552,569,627,1091,857,282,119,321,22.73,Other Urban,3.787878787878788,Second,Fourth,Urban
DZ00794,1,627,7,1109,4,1251,1232,967,1167,406,716,1042,74,230,17.65,Other Urban,1.594896331738437,Fourth,Second,Urban
DZ00795,3,777,5,737,3,483,443,1007,833,1084,1092,352,128,265,5,Other Urban,3.8610038610038613,Second,Fourth,Urban
DZ00796,1,869,8,1174,4,1084,889,1051,1326,1538,870,851,77,220,0,Other Urban,1.1507479861910241,Fourth,Least deprived,Urban
DZ00797,1,651,6,903,3,1006,838,1148,165,1099,757,1350,104,172,11.11,Other Urban,1.5360983102918586,Fourth,Fourth,Urban
DZ00798,2,1022,4,608,2,497,534,705,557,546,1467,244,72,101,7.89,Accessible Small Towns,1.9569471624266144,Second,Second,Urban
DZ00799,1,914,4,595,2,390,661,893,1036,104,1157,685,68,107,28.57,Accessible Rural,1.0940919037199124,Second,Most deprived,Rural
DZ00801,1,619,3,442,2,351,753,403,485,653,659,702,184,138,10.71,Other Urban,1.6155088852988693,Second,Third,Urban
DZ00802,2,749,4,495,2,391,247,720,593,1139,126,853,181,297,16.13,Other Urban,2.67022696929239,Second,Fourth,Urban
DZ00803,2,834,4,640,2,630,591,625,783,883,621,724,129,319,7.41,Other Urban,2.398081534772182,Second,Third,Urban
DZ00804,2,791,5,757,3,944,480,808,692,859,320,992,194,190,12,Other Urban,2.5284450063211126,Third,Third,Urban
DZ00806,1,873,10,1459,5,1409,1357,1335,1543,968,1454,979,73,111,6.67,Large Urban,1.1454753722794961,Least deprived,Fourth,Urban
DZ00807,1,764,7,1040,4,949,1379,932,1003,923,629,547,51,48,12,Large Urban,1.3089005235602096,Third,Third,Urban
DZ00808,1,901,7,1023,4,927,1124,1109,583,1288,883,459,89,91,0,Large Urban,1.1098779134295227,Third,Least deprived,Urban
DZ00809,1,715,8,1132,4,1340,914,845,882,1443,902,1232,131,106,14.29,Large Urban,1.3986013986013985,Least deprived,Least deprived,Urban
DZ00816,1,1163,10,1483,5,1343,1387,1425,1492,1408,1410,1318,62,59,7.89,Large Urban,0.8598452278589854,Least deprived,Least deprived,Urban
DZ00817,2,742,8,1219,4,803,1429,1263,1190,1432,930,1107,53,51,8,Large Urban,2.6954177897574128,Third,Least deprived,Urban
DZ00818,2,680,3,456,2,433,198,413,802,1401,16,1516,383,223,28.57,Large Urban,2.941176470588235,Second,Least deprived,Urban
DZ00819,3,770,7,961,4,1038,737,870,1169,837,1053,73,155,119,32,Large Urban,3.896103896103896,Fourth,Third,Urban
DZ00820,2,756,1,132,1,52,60,110,505,1576,148,1009,321,288,35.48,Other Urban,2.6455026455026456,Most deprived,Least deprived,Urban
DZ00823,1,648,8,1201,4,1165,1395,1120,1361,538,541,683,81,65,0,Other Urban,1.5432098765432098,Fourth,Second,Urban
DZ00825,4,784,6,936,3,824,867,802,914,1251,1298,1169,93,125,21.43,Other Urban,5.1020408163265305,Third,Fourth,Urban
DZ00826,1,1073,2,304,1,267,188,436,307,938,119,401,170,146,28.57,Other Urban,0.9319664492078285,Most deprived,Third,Urban
DZ00828,3,591,5,703,3,778,332,793,520,1332,662,681,288,355,30.77,Other Urban,5.076142131979695,Third,Least deprived,Urban
DZ00831,1,853,6,906,3,752,1081,1002,1071,404,886,817,100,100,18.52,Other Urban,1.1723329425556857,Third,Second,Urban
DZ00834,3,978,5,788,3,961,388,589,1100,1428,351,1074,69,217,19.23,Other Urban,3.067484662576687,Third,Least deprived,Urban
DZ00836,1,771,4,555,2,593,264,872,178,1101,1239,32,271,212,29.17,Other Urban,1.297016861219196,Second,Fourth,Urban
DZ00841,3,731,1,141,1,215,129,192,109,1094,9,99,227,254,8.33,Other Urban,4.1039671682626535,Most deprived,Fourth,Urban
DZ00842,1,774,4,567,2,721,526,460,838,514,437,314,152,190,10,Other Urban,1.2919896640826873,Third,Second,Urban
DZ00843,2,635,3,358,2,263,469,633,82,1162,404,472,175,165,18.18,Other Urban,3.149606299212598,Most deprived,Fourth,Urban
DZ00845,1,728,6,848,3,531,820,928,927,1553,847,228,155,217,14.29,Large Urban,1.3736263736263736,Second,Least deprived,Urban
DZ00846,1,813,9,1302,5,1372,1252,1228,917,1564,276,1068,55,87,5.13,Large Urban,1.2300123001230012,Least deprived,Least deprived,Urban
DZ00847,2,906,7,1006,4,1067,1164,1098,405,736,1236,466,98,40,3.03,Large Urban,2.207505518763797,Fourth,Third,Urban
DZ00850,1,1004,9,1376,5,1321,1434,1315,1479,661,812,1326,45,86,18.18,Large Urban,0.9960159362549801,Least deprived,Third,Urban
DZ00855,2,835,7,1115,4,1104,1032,1141,1147,418,1479,328,90,209,30.77,Large Urban,2.395209580838323,Fourth,Second,Urban
DZ00856,3,524,5,689,3,732,744,692,408,1280,576,246,69,111,27.78,Large Urban,5.7251908396946565,Third,Fourth,Urban
DZ00857,3,945,6,866,3,873,810,758,1163,961,338,952,166,97,7.69,Large Urban,3.1746031746031744,Third,Third,Urban
DZ00858,3,771,5,693,3,246,1227,816,906,1037,884,418,167,86,40.91,Large Urban,3.8910505836575875,Most deprived,Fourth,Urban
DZ00859,2,1054,7,998,4,893,686,1039,782,1583,530,842,144,88,12.5,Large Urban,1.8975332068311195,Third,Least deprived,Urban
DZ00864,1,1120,8,1264,4,1316,1126,1292,1090,667,1342,709,65,113,10,Other Urban,0.8928571428571428,Least deprived,Third,Urban
DZ00866,2,996,3,341,2,426,367,186,544,875,380,897,228,128,25.71,Other Urban,2.008032128514056,Second,Third,Urban
DZ00867,1,761,6,899,3,948,762,957,502,1286,839,1055,114,215,15.15,Other Urban,1.314060446780552,Third,Least deprived,Urban
DZ00868,1,817,4,637,2,536,672,621,469,1533,676,292,90,291,12.5,Other Urban,1.2239902080783354,Second,Least deprived,Urban
DZ00871,1,922,6,846,3,670,1365,762,784,610,917,1179,35,123,17.86,Other Urban,1.0845986984815619,Third,Second,Urban
DZ00873,1,788,3,373,2,399,328,410,182,1104,569,900,188,147,20,Other Urban,1.2690355329949237,Second,Fourth,Urban
DZ00874,1,750,3,449,2,498,590,329,473,536,654,1464,111,149,13.79,Accessible Small Towns,1.3333333333333333,Second,Second,Urban
DZ00875,2,605,2,264,1,389,236,93,459,1355,268,50,231,236,10.53,Accessible Small Towns,3.3057851239669422,Second,Least deprived,Urban
DZ00876,1,829,4,603,2,368,491,733,837,1465,221,268,118,106,16,Accessible Small Towns,1.2062726176115801,Second,Least deprived,Urban
DZ00877,1,758,4,549,2,548,442,645,669,635,361,554,140,113,16.67,Accessible Small Towns,1.3192612137203166,Second,Second,Urban
DZ00881,1,812,10,1462,5,1218,1330,1501,1565,723,1439,833,87,35,9.38,Other Urban,1.2315270935960592,Fourth,Third,Urban
DZ00882,2,928,10,1494,5,1518,1203,1493,1330,1166,1040,1190,95,71,0,Other Urban,2.155172413793103,Least deprived,Fourth,Urban
DZ00884,4,734,5,751,3,667,871,947,298,1440,563,133,90,114,15.15,Large Urban,5.449591280653951,Third,Least deprived,Urban
DZ00885,2,567,8,1260,4,1223,1313,1003,1192,1579,938,444,101,69,5.56,Large Urban,3.527336860670194,Fourth,Least deprived,Urban
DZ00886,1,671,7,1028,4,999,778,905,1144,1377,873,829,67,130,36,Large Urban,1.4903129657228018,Fourth,Least deprived,Urban
DZ00887,2,799,3,474,2,609,270,370,618,803,1045,51,182,204,18.75,Large Urban,2.5031289111389237,Second,Third,Urban
DZ00888,3,844,3,454,2,528,455,487,384,581,423,403,174,316,12.5,Large Urban,3.554502369668246,Second,Second,Urban
DZ00890,4,848,6,853,3,453,1181,1122,563,1240,932,269,63,143,18.52,Large Urban,4.716981132075471,Second,Fourth,Urban
DZ00891,2,849,6,821,3,1282,364,797,684,949,55,1302,134,261,9.09,Large Urban,2.3557126030624262,Fourth,Third,Urban
DZ00893,5,886,6,802,3,713,1178,742,775,1170,315,192,89,112,26.67,Large Urban,5.643340857787811,Third,Fourth,Urban
DZ00894,2,917,4,557,2,417,680,800,265,1092,574,407,84,312,5.88,Large Urban,2.1810250817884405,Second,Fourth,Urban
DZ00897,2,913,6,945,3,780,899,1042,1039,1312,205,570,104,126,23.08,Large Urban,2.190580503833516,Third,Least deprived,Urban
DZ00898,1,811,7,1081,4,797,1190,1094,790,1549,754,1433,88,132,11.11,Large Urban,1.2330456226880395,Third,Least deprived,Urban
DZ00899,1,755,3,415,2,622,973,361,147,819,11,699,169,64,6.67,Large Urban,1.3245033112582782,Second,Third,Urban
DZ00901,2,989,10,1507,5,1513,1363,1482,1345,773,1408,1465,72,118,7.89,Other Urban,2.0222446916076846,Least deprived,Third,Urban
DZ00902,2,964,8,1168,4,1079,1099,1304,961,1161,571,963,74,55,17.24,Other Urban,2.074688796680498,Fourth,Fourth,Urban
DZ00904,2,624,5,674,3,773,432,411,821,1513,518,1404,178,192,25,Other Urban,3.205128205128205,Third,Least deprived,Urban
DZ00905,1,1040,7,1070,4,994,975,867,1239,1292,1192,1059,97,64,0,Accessible Small Towns,0.9615384615384616,Fourth,Least deprived,Urban
DZ00908,1,714,4,626,2,682,688,750,591,577,299,197,203,106,22.22,Other Urban,1.4005602240896358,Third,Second,Urban
DZ00910,1,585,8,1233,4,1432,1022,1146,1410,228,855,1292,62,93,0,Accessible Rural,1.7094017094017093,Least deprived,Most deprived,Rural
DZ00912,1,822,7,1074,4,751,1041,1356,1286,346,979,1004,108,75,17.95,Accessible Rural,1.2165450121654502,Third,Second,Rural
DZ00913,1,779,8,1240,4,900,1409,1354,1182,950,1422,63,107,66,11.54,Other Urban,1.2836970474967906,Third,Third,Urban
DZ00915,1,862,5,739,3,847,1134,415,841,567,1247,371,50,123,17.86,Accessible Small Towns,1.160092807424594,Third,Second,Urban
DZ00916,1,938,6,835,3,838,943,709,931,400,1554,302,67,119,17.14,Accessible Small Towns,1.0660980810234542,Third,Second,Urban
DZ00918,2,757,7,1014,4,984,671,970,1141,1231,892,1023,169,111,0,Accessible Small Towns,2.642007926023778,Fourth,Fourth,Urban
DZ00920,1,952,8,1158,4,1274,1210,1264,1096,103,1373,752,91,54,0,Remote Rural,1.050420168067227,Fourth,Most deprived,Rural
DZ00921,3,1067,10,1558,5,1560,1436,1542,1483,1065,1535,1508,69,49,18.42,Other Urban,2.8116213683223994,Least deprived,Fourth,Urban
DZ00926,2,1039,5,694,3,618,553,632,909,1266,614,694,127,143,13.51,Large Urban,1.9249278152069298,Second,Fourth,Urban
DZ00927,5,726,2,172,1,179,461,165,85,1061,143,43,137,149,52.63,Large Urban,6.887052341597796,Most deprived,Fourth,Urban
DZ00929,4,713,1,109,1,110,77,147,247,1237,15,174,133,223,26.09,Large Urban,5.610098176718092,Most deprived,Fourth,Urban
DZ00930,4,835,3,325,2,441,156,194,400,1345,516,242,251,368,15.38,Large Urban,4.790419161676646,Second,Least deprived,Urban
DZ00931,3,857,2,203,1,273,336,90,117,1442,577,94,157,206,18.18,Large Urban,3.500583430571762,Most deprived,Least deprived,Urban
DZ00932,1,1012,8,1186,4,1054,1040,1072,1538,1223,234,1038,142,71,3.33,Large Urban,0.9881422924901185,Fourth,Fourth,Urban
DZ00933,2,942,9,1312,5,1346,1186,1179,1412,1396,348,819,92,138,0,Large Urban,2.1231422505307855,Least deprived,Least deprived,Urban
DZ00934,1,855,5,781,3,867,862,521,943,1353,596,264,94,169,7.69,Large Urban,1.1695906432748537,Third,Least deprived,Urban
DZ00935,1,848,9,1299,5,1103,1476,1319,1053,1399,778,1265,60,73,21.43,Large Urban,1.1792452830188678,Fourth,Least deprived,Urban
DZ00937,1,863,6,948,3,787,996,676,968,1581,545,1365,67,88,17.39,Large Urban,1.1587485515643106,Third,Least deprived,Urban
DZ00941,2,634,7,1098,4,991,1180,1283,659,1050,580,1267,63,73,18.18,Other Urban,3.1545741324921135,Fourth,Fourth,Urban
DZ00944,1,706,9,1304,5,1371,1389,1232,1251,509,737,1401,55,80,3.7,Other Urban,1.41643059490085,Least deprived,Second,Urban
DZ00946,1,664,7,992,4,1256,755,933,767,339,1542,420,81,153,16.67,Accessible Small Towns,1.5060240963855422,Fourth,Second,Urban
DZ00948,1,844,7,1033,4,889,1349,1001,913,849,694,1199,56,107,12,Accessible Small Towns,1.1848341232227488,Third,Third,Urban
DZ00949,1,638,6,941,3,800,1054,1083,789,690,981,364,100,85,20,Accessible Small Towns,1.567398119122257,Third,Third,Urban
DZ00950,3,742,8,1245,4,1259,1374,1151,923,615,1473,1221,84,97,13.79,Accessible Small Towns,4.0431266846361185,Fourth,Second,Urban
DZ00951,1,565,4,573,2,690,719,549,654,75,1312,1403,112,60,31.58,Accessible Rural,1.7699115044247788,Third,Most deprived,Rural
DZ00953,7,1107,3,401,2,275,598,458,440,827,487,495,80,201,16.67,Accessible Small Towns,6.323396567299007,Most deprived,Third,Urban
DZ00956,1,840,6,854,3,1009,684,777,680,520,1506,1314,152,88,8.7,Accessible Small Towns,1.1904761904761907,Fourth,Second,Urban
DZ00957,1,921,7,993,4,1134,1042,882,1052,413,941,1046,91,79,12.9,Accessible Small Towns,1.0857763300760044,Fourth,Second,Urban
DZ00958,1,765,7,990,4,1109,1270,638,1233,532,486,1147,96,98,12,Accessible Small Towns,1.3071895424836601,Fourth,Second,Urban
DZ00959,1,1017,6,886,3,704,1217,1116,901,492,71,1127,54,101,0,Remote Small Towns,0.9832841691248771,Third,Second,Urban
DZ00962,1,895,10,1565,5,1517,1535,1567,1573,919,1549,1045,43,55,8,Other Urban,1.1173184357541899,Least deprived,Third,Urban
DZ00967,2,806,7,1119,4,745,847,1317,1091,1331,1306,959,125,102,21.05,Large Urban,2.4813895781637716,Third,Least deprived,Urban
DZ00968,1,857,6,918,3,1100,945,824,498,1149,874,742,167,88,11.11,Large Urban,1.1668611435239205,Fourth,Fourth,Urban
DZ00969,1,935,2,218,1,106,456,191,394,869,485,330,134,202,35.14,Large Urban,1.0695187165775402,Most deprived,Third,Urban
DZ00970,2,855,2,281,1,340,417,127,483,913,575,102,265,145,21.74,Large Urban,2.3391812865497075,Second,Third,Urban
DZ00971,2,885,1,42,1,47,63,61,6,1494,75,179,160,261,38.24,Large Urban,2.2598870056497176,Most deprived,Least deprived,Urban
DZ00972,5,791,3,412,2,258,385,611,411,1304,76,1051,316,183,10.53,Large Urban,6.321112515802781,Most deprived,Least deprived,Urban
DZ00974,2,774,3,322,2,420,99,401,313,1230,89,71,177,467,13.04,Large Urban,2.5839793281653747,Second,Fourth,Urban
DZ00975,3,965,3,402,2,259,425,234,588,1567,586,1247,143,75,23.08,Large Urban,3.1088082901554404,Most deprived,Least deprived,Urban
DZ00977,1,584,5,656,3,1030,459,475,372,749,1313,813,128,302,14.29,Large Urban,1.7123287671232876,Fourth,Third,Urban
DZ00979,3,810,2,228,1,114,472,92,534,1524,237,627,100,372,38.24,Large Urban,3.7037037037037037,Most deprived,Least deprived,Urban
DZ00980,1,849,3,384,2,330,447,366,418,1268,253,489,133,147,38.1,Large Urban,1.1778563015312131,Second,Fourth,Urban
DZ00981,2,785,5,686,3,692,692,572,804,1516,189,103,118,229,5.88,Large Urban,2.5477707006369426,Third,Least deprived,Urban
DZ00982,1,966,5,792,3,870,435,675,1166,1035,725,633,142,223,19.44,Other Urban,1.0351966873706004,Third,Fourth,Urban
DZ00986,2,1025,9,1413,5,1382,1524,1268,1464,737,1235,859,45,38,4,Accessible Small Towns,1.951219512195122,Least deprived,Third,Urban
DZ00989,1,747,4,600,2,603,527,440,1214,580,741,198,167,201,12.5,Accessible Small Towns,1.3386880856760375,Second,Second,Urban
DZ00990,1,717,1,124,1,138,199,130,167,693,322,18,192,459,28.57,Accessible Small Towns,1.3947001394700138,Most deprived,Third,Urban
DZ00991,2,667,4,520,2,555,768,700,444,92,1226,275,109,158,25.93,Accessible Rural,2.998500749625187,Second,Most deprived,Rural
DZ00992,1,766,10,1466,5,1494,1533,1416,1467,326,1094,908,76,15,5.56,Accessible Rural,1.3054830287206267,Least deprived,Second,Rural
DZ00993,1,933,5,769,3,753,547,966,447,1095,915,848,162,70,17.86,Accessible Small Towns,1.0718113612004287,Third,Fourth,Urban
DZ00994,4,1143,3,350,2,375,225,514,124,872,899,498,119,234,21.21,Remote Small Towns,3.499562554680665,Second,Third,Urban
DZ00997,1,843,5,780,3,1002,783,544,993,506,663,1424,123,120,8.82,Accessible Small Towns,1.1862396204033216,Fourth,Second,Urban
DZ01000,1,737,7,1060,4,1126,1326,1125,855,158,1009,1557,77,67,4,Remote Rural,1.3568521031207597,Fourth,Most deprived,Rural
DZ01004,2,671,5,659,3,858,498,539,960,989,54,856,104,161,7.41,Large Urban,2.9806259314456036,Third,Fourth,Urban
DZ01006,1,806,8,1122,4,899,956,1033,1340,1501,864,1067,129,154,14.29,Large Urban,1.2406947890818858,Third,Least deprived,Urban
DZ01007,2,710,9,1356,5,1278,1416,1438,1183,850,795,883,106,59,0,Large Urban,2.8169014084507045,Fourth,Third,Urban
DZ01009,4,907,1,48,1,89,191,18,137,469,265,402,197,277,22.22,Large Urban,4.410143329658214,Most deprived,Second,Urban
DZ01010,5,1049,1,27,1,32,21,17,52,1441,107,218,216,585,48.39,Large Urban,4.7664442326024785,Most deprived,Least deprived,Urban
DZ01011,8,889,1,2,1,3,3,2,4,1596,231,129,312,871,48.39,Large Urban,8.998875140607424,Most deprived,Least deprived,Urban
DZ01012,7,928,1,25,1,24,13,54,89,671,114,235,355,1049,32,Large Urban,7.543103448275862,Most deprived,Third,Urban
DZ01014,1,642,8,1121,4,1351,1144,1006,951,378,1185,668,71,94,14.29,Large Urban,1.557632398753894,Least deprived,Second,Urban
DZ01015,1,770,7,1083,4,1171,1121,884,1012,1416,473,792,99,54,0,Large Urban,1.2987012987012987,Fourth,Least deprived,Urban
DZ01016,4,997,4,545,2,557,200,466,845,1316,739,628,251,367,28.95,Large Urban,4.012036108324975,Second,Least deprived,Urban
DZ01017,2,730,2,173,1,211,262,133,118,945,323,598,87,240,19.23,Large Urban,2.73972602739726,Most deprived,Third,Urban
DZ01018,3,889,4,606,2,354,765,674,514,1542,273,840,125,83,27.59,Large Urban,3.374578177727784,Second,Least deprived,Urban
DZ01019,6,873,1,81,1,68,42,126,299,1175,58,115,169,408,25.93,Large Urban,6.8728522336769755,Most deprived,Fourth,Urban
DZ01021,4,853,2,294,1,292,256,376,195,711,430,491,245,201,27.27,Large Urban,4.689331770222743,Most deprived,Third,Urban
DZ01022,2,618,7,963,4,1087,742,1206,319,755,830,1163,65,147,3.7,Other Urban,3.236245954692557,Fourth,Third,Urban
DZ01027,2,805,8,1216,4,1010,1216,1243,1401,937,722,983,62,112,4,Accessible Small Towns,2.4844720496894412,Fourth,Third,Urban
DZ01030,3,1136,7,1022,4,1136,1265,920,1094,256,1321,238,45,97,10.53,Accessible Small Towns,2.640845070422535,Fourth,Most deprived,Urban
DZ01031,2,688,5,748,3,1123,845,601,470,289,1274,1175,95,172,18.18,Accessible Rural,2.9069767441860463,Fourth,Most deprived,Rural
DZ01034,4,757,1,151,1,88,440,131,121,1504,39,1185,115,106,12.5,Remote Small Towns,5.284015852047556,Most deprived,Least deprived,Urban
DZ01037,1,755,8,1182,4,1145,1245,1274,1187,434,901,872,96,75,31.82,Remote Small Towns,1.3245033112582782,Fourth,Second,Urban
DZ01038,2,839,8,1266,4,1233,1059,1429,850,790,1150,1385,88,327,0,Remote Small Towns,2.3837902264600714,Fourth,Third,Urban
DZ01039,1,943,5,683,3,903,418,815,756,140,1155,1388,114,193,18.52,Accessible Rural,1.0604453870625663,Third,Most deprived,Rural
DZ01041,1,625,9,1316,5,1226,1224,1162,1513,795,1392,1347,109,90,11.11,Other Urban,1.6,Fourth,Third,Urban
DZ01045,8,951,1,137,1,169,53,112,382,1210,40,1172,246,429,21.62,Large Urban,8.412197686645635,Most deprived,Fourth,Urban
DZ01046,2,475,5,754,3,444,444,918,971,1571,562,258,121,90,13.33,Large Urban,4.2105263157894735,Second,Least deprived,Urban
DZ01047,1,649,8,1141,4,1179,1184,1048,1084,1122,608,625,171,126,0,Large Urban,1.5408320493066257,Fourth,Fourth,Urban
DZ01048,2,789,7,1016,4,828,1361,863,1059,1158,714,582,91,84,3.45,Large Urban,2.5348542458808616,Third,Fourth,Urban
DZ01049,2,706,2,206,1,217,108,240,204,689,704,1000,286,493,31.82,Large Urban,2.8328611898017,Most deprived,Third,Urban
DZ01050,11,1019,1,15,1,6,18,23,35,1436,333,66,268,651,52.17,Large Urban,10.794896957801766,Most deprived,Least deprived,Urban
DZ01051,11,917,1,6,1,5,8,9,20,1324,319,734,307,672,40,Large Urban,11.995637949836423,Most deprived,Least deprived,Urban
DZ01052,10,94,1,30,1,45,32,62,9,1359,69,16,216,461,40,Large Urban,106.38297872340425,Most deprived,Least deprived,Urban
DZ01053,2,460,6,911,3,872,772,766,950,1577,399,429,130,90,25,Large Urban,4.3478260869565215,Third,Least deprived,Urban
DZ01054,1,956,7,1011,4,1035,771,1143,817,934,517,930,160,141,16.67,Large Urban,1.0460251046025104,Fourth,Third,Urban
DZ01055,1,932,7,1065,4,914,1066,1107,945,1431,784,325,127,123,15.62,Large Urban,1.0729613733905579,Third,Least deprived,Urban
DZ01056,1,785,8,1190,4,1198,1243,1134,690,1477,1063,571,110,63,14.29,Large Urban,1.2738853503184713,Fourth,Least deprived,Urban
DZ01057,1,652,5,718,3,804,524,585,1040,828,720,747,215,158,17.65,Large Urban,1.5337423312883436,Third,Third,Urban
DZ01058,2,920,4,540,2,577,402,600,625,809,128,1468,158,156,12.5,Large Urban,2.1739130434782608,Second,Third,Urban
DZ01060,1,811,3,386,2,332,254,226,676,1558,814,44,241,136,20.69,Large Urban,1.2330456226880395,Second,Least deprived,Urban
DZ01061,2,850,4,512,2,596,782,231,585,1291,999,117,89,67,14.81,Large Urban,2.352941176470588,Second,Least deprived,Urban
DZ01062,2,821,9,1357,5,1364,1069,1327,1448,974,922,1285,100,132,0,Other Urban,2.4360535931790497,Least deprived,Fourth,Urban
DZ01063,3,771,5,785,3,890,754,540,1130,473,1214,1301,131,86,26.09,Other Urban,3.8910505836575875,Third,Second,Urban
DZ01064,2,854,6,811,3,710,1138,774,722,1043,508,639,86,60,25.81,Other Urban,2.34192037470726,Third,Fourth,Urban
DZ01070,1,862,5,764,3,821,826,624,801,814,1241,139,119,142,18.18,Accessible Small Towns,1.160092807424594,Third,Third,Urban
DZ01071,2,822,2,251,1,419,452,153,235,380,445,146,139,115,20.69,Accessible Rural,2.4330900243309004,Second,Second,Rural
DZ01073,3,750,4,602,2,540,891,677,1191,93,279,545,77,155,30,Remote Rural,4,Second,Most deprived,Rural
DZ01074,2,890,4,492,2,464,622,566,282,563,1108,482,96,77,17.24,Accessible Rural,2.247191011235955,Second,Second,Rural
DZ01075,1,697,3,457,2,445,377,531,528,290,1060,1364,196,132,34.48,Accessible Rural,1.4347202295552368,Second,Most deprived,Rural
DZ01077,1,681,9,1295,5,1369,1218,1449,1078,389,328,1397,57,71,3.85,Accessible Rural,1.4684287812041115,Least deprived,Second,Rural
DZ01078,1,477,8,1145,4,1305,1201,1294,998,78,924,1252,55,121,10.53,Remote Rural,2.0964360587002098,Least deprived,Most deprived,Rural
DZ01082,1,616,9,1402,5,1299,1064,1505,1289,1357,655,1151,99,54,4,Other Urban,1.6233766233766236,Least deprived,Least deprived,Urban
DZ01083,1,637,3,390,2,346,231,647,199,1344,120,746,204,242,34.78,Large Urban,1.5698587127158556,Second,Least deprived,Urban
DZ01084,1,904,5,763,3,815,729,814,715,804,366,1001,201,81,15.38,Large Urban,1.1061946902654867,Third,Third,Urban
DZ01086,5,1108,2,243,1,177,396,379,41,768,1047,544,135,169,20,Large Urban,4.512635379061372,Most deprived,Third,Urban
DZ01088,1,835,6,874,3,746,770,971,889,1398,229,762,118,139,26.09,Large Urban,1.1976047904191616,Third,Least deprived,Urban
DZ01090,1,808,2,178,1,148,165,100,274,1594,130,12,88,283,44,Large Urban,1.2376237623762376,Most deprived,Least deprived,Urban
DZ01091,18,61,1,78,1,87,67,85,38,1471,169,572,556,310,21.43,Large Urban,295.08196721311475,Most deprived,Least deprived,Urban
DZ01092,12,98,1,20,1,11,9,31,36,1543,61,399,569,877,50,Large Urban,122.44897959183673,Most deprived,Least deprived,Urban
DZ01093,2,530,1,94,1,76,153,42,69,1568,953,162,174,203,39.13,Large Urban,3.7735849056603774,Most deprived,Least deprived,Urban
DZ01094,1,460,4,584,2,452,706,498,422,1437,1136,509,148,150,26.67,Large Urban,2.1739130434782608,Second,Least deprived,Urban
DZ01095,1,991,9,1367,5,1373,1118,1137,1419,1322,1527,1277,86,172,3.33,Large Urban,1.0090817356205852,Least deprived,Least deprived,Urban
DZ01099,1,1009,9,1338,5,1454,1168,1108,1468,758,964,1282,82,119,3.23,Large Urban,0.9910802775024776,Least deprived,Third,Urban
DZ01101,2,875,7,1032,4,953,865,1253,635,1275,461,1058,123,88,27.78,Large Urban,2.285714285714286,Third,Fourth,Urban
DZ01104,1,584,5,649,3,664,579,648,916,548,595,680,134,215,5.88,Other Urban,1.7123287671232876,Third,Second,Urban
DZ01105,3,716,6,810,3,832,570,948,714,681,823,1471,394,207,12,Other Urban,4.189944134078212,Third,Third,Urban
DZ01106,3,818,5,726,3,573,690,804,1054,386,1083,1418,93,141,15.62,Accessible Small Towns,3.667481662591687,Second,Second,Urban
DZ01108,1,797,5,682,3,785,575,644,888,573,499,674,88,158,19.44,Accessible Small Towns,1.2547051442910915,Third,Second,Urban
DZ01110,2,934,3,359,2,384,241,420,438,612,848,84,279,88,33.33,Accessible Small Towns,2.1413276231263385,Second,Second,Urban
DZ01113,2,661,4,539,2,515,285,894,360,278,1369,1440,211,235,22.73,Remote Rural,3.0257186081694405,Second,Most deprived,Rural
DZ01114,2,988,3,397,2,297,471,634,695,81,1056,347,134,105,10,Remote Rural,2.0242914979757085,Most deprived,Most deprived,Rural
DZ01119,1,741,4,507,2,749,437,353,786,254,1299,447,183,104,5,Remote Rural,1.3495276653171389,Third,Most deprived,Rural
DZ01121,1,639,10,1457,5,1510,1221,1376,1509,555,1217,1315,100,58,0,Other Urban,1.5649452269170578,Least deprived,Second,Urban
DZ01122,3,737,3,460,2,467,514,500,280,1069,341,389,150,212,13.33,Large Urban,4.07055630936228,Second,Fourth,Urban
DZ01123,2,950,2,280,1,253,381,248,226,1238,222,410,211,161,33.33,Large Urban,2.1052631578947367,Most deprived,Fourth,Urban
DZ01124,4,683,3,339,2,284,475,509,348,403,636,45,94,183,39.13,Large Urban,5.856515373352855,Most deprived,Second,Urban
DZ01125,2,905,3,447,2,471,407,510,273,1074,329,649,192,233,15.38,Large Urban,2.2099447513812156,Second,Fourth,Urban
DZ01126,1,738,8,1206,4,1078,1050,1226,1116,1532,907,374,92,78,20,Large Urban,1.3550135501355014,Fourth,Least deprived,Urban
DZ01127,1,487,7,1050,4,1082,654,837,1199,1335,1447,458,90,118,6.25,Large Urban,2.053388090349076,Fourth,Least deprived,Urban
DZ01128,1,854,9,1303,5,1151,883,1401,1061,1485,1517,985,99,171,17.86,Large Urban,1.17096018735363,Fourth,Least deprived,Urban
DZ01129,2,772,5,642,3,489,850,735,477,1005,773,790,117,80,20,Large Urban,2.5906735751295336,Second,Fourth,Urban
DZ01130,2,1035,1,100,1,66,110,254,15,1556,93,173,225,620,42.86,Large Urban,1.932367149758454,Most deprived,Least deprived,Urban
DZ01131,4,873,1,53,1,21,190,39,48,1582,365,525,135,311,29.17,Large Urban,4.581901489117985,Most deprived,Least deprived,Urban
DZ01132,2,596,1,131,1,108,70,97,341,1467,161,397,310,514,44.44,Large Urban,3.3557046979865772,Most deprived,Least deprived,Urban
DZ01136,1,792,7,1026,4,680,517,1115,1164,1544,1246,1154,110,416,25.93,Large Urban,1.2626262626262628,Third,Least deprived,Urban
DZ01137,1,932,6,873,3,621,964,857,957,1068,1260,1011,78,48,24.24,Large Urban,1.0729613733905579,Second,Fourth,Urban
DZ01139,1,756,8,1232,4,1194,1327,1117,967,942,1584,232,99,53,4.55,Large Urban,1.3227513227513228,Fourth,Third,Urban
DZ01140,1,782,9,1286,5,1097,1153,1153,1472,1307,1250,1202,113,52,17.39,Large Urban,1.278772378516624,Fourth,Least deprived,Urban
DZ01141,1,1053,8,1265,4,1149,1449,1346,1231,534,713,815,63,108,10,Large Urban,0.9496676163342831,Fourth,Second,Urban
DZ01143,1,918,7,1120,4,972,1163,1177,1070,927,1075,588,66,91,16,Other Urban,1.0893246187363836,Fourth,Third,Urban
DZ01144,6,1060,3,437,2,353,423,554,293,1254,478,363,221,211,28.57,Other Urban,5.660377358490566,Second,Fourth,Urban
DZ01147,2,535,9,1292,5,1297,1385,1320,765,808,1381,1176,75,64,11.11,Accessible Small Towns,3.7383177570093458,Least deprived,Third,Urban
DZ01149,1,676,10,1477,5,1499,1376,1427,1493,734,1090,808,70,80,9.09,Accessible Small Towns,1.4792899408284024,Least deprived,Third,Urban
DZ01150,1,772,6,868,3,810,822,1008,964,683,702,158,109,109,6.9,Accessible Small Towns,1.2953367875647668,Third,Third,Urban
DZ01152,2,720,7,1005,4,816,696,1040,1512,626,519,862,115,200,14.29,Remote Small Towns,2.7777777777777777,Third,Second,Urban
DZ01154,1,893,3,438,2,514,531,484,745,190,376,359,79,146,13.79,Remote Rural,1.1198208286674132,Second,Most deprived,Rural
DZ01158,1,793,8,1236,4,1392,1244,1307,1207,58,1445,575,37,43,10,Remote Rural,1.2610340479192939,Least deprived,Most deprived,Rural
DZ01159,2,938,7,989,4,818,959,1189,1073,279,942,1555,137,70,26.32,Remote Rural,2.1321961620469083,Third,Most deprived,Rural
DZ01161,1,491,3,388,2,600,478,343,175,946,288,211,177,220,18.18,Other Urban,2.0366598778004072,Second,Third,Urban
DZ01162,2,881,6,850,3,782,1185,764,688,1177,525,923,66,132,11.11,Other Urban,2.2701475595913734,Third,Fourth,Urban
DZ01163,3,866,1,152,1,274,196,168,62,1152,44,276,392,363,25,Large Urban,3.464203233256351,Most deprived,Fourth,Urban
DZ01167,1,948,7,1043,4,1110,639,946,1145,1235,1104,599,143,174,16.67,Large Urban,1.0548523206751055,Fourth,Fourth,Urban
DZ01168,3,919,4,490,2,196,657,356,860,1461,1220,954,146,287,28.12,Large Urban,3.264417845484222,Most deprived,Least deprived,Urban
DZ01170,1,979,2,207,1,231,104,246,39,1569,593,263,177,247,24,Large Urban,1.021450459652707,Most deprived,Least deprived,Urban
DZ01171,4,747,1,45,1,28,120,25,110,1452,266,267,220,243,33.33,Large Urban,5.35475234270415,Most deprived,Least deprived,Urban
DZ01173,9,886,1,11,1,48,34,5,3,1009,370,255,228,220,33.33,Large Urban,10.158013544018058,Most deprived,Fourth,Urban
DZ01174,4,803,3,430,2,388,708,327,377,1155,475,760,174,88,20.83,Large Urban,4.981320049813201,Second,Fourth,Urban
DZ01175,3,701,8,1263,4,988,1372,1187,1329,1320,1367,522,56,68,8.7,Large Urban,4.279600570613409,Fourth,Least deprived,Urban
DZ01176,2,946,5,680,3,760,392,451,844,1207,1332,955,98,211,12.5,Large Urban,2.1141649048625792,Third,Fourth,Urban
DZ01177,1,596,5,657,3,526,326,463,1413,1371,441,651,177,340,35.29,Large Urban,1.6778523489932886,Second,Least deprived,Urban
DZ01178,1,668,7,1114,4,1172,949,1205,813,782,756,1463,124,93,0,Large Urban,1.4970059880239521,Fourth,Third,Urban
DZ01182,5,998,3,337,2,397,234,239,662,666,501,789,214,161,14.29,Other Urban,5.01002004008016,Second,Third,Urban
DZ01185,4,882,2,187,1,160,325,398,140,363,68,195,214,185,17.86,Other Urban,4.535147392290249,Most deprived,Second,Urban
DZ01186,3,798,5,735,3,566,965,772,606,668,1341,885,65,102,22.58,Accessible Rural,3.7593984962406015,Second,Third,Rural
DZ01188,1,895,7,982,4,905,842,1185,603,907,992,913,109,221,13.16,Accessible Small Towns,1.1173184357541899,Third,Third,Urban
DZ01190,1,751,9,1305,5,1406,1117,1298,1360,427,958,1114,84,160,4.55,Remote Small Towns,1.3315579227696406,Least deprived,Second,Urban
DZ01192,1,795,5,647,3,563,1079,472,710,608,1176,756,69,62,3.23,Remote Small Towns,1.2578616352201257,Second,Second,Urban
DZ01193,3,659,8,1178,4,1173,950,1375,959,299,1371,1553,59,74,22.73,Remote Small Towns,4.552352048558422,Fourth,Most deprived,Urban
DZ01196,1,894,2,259,1,190,194,631,210,151,1051,225,91,151,13.33,Remote Rural,1.1185682326621924,Most deprived,Most deprived,Rural
DZ01197,1,674,4,582,2,543,533,640,311,793,1197,1504,124,126,44.44,Remote Rural,1.483679525222552,Second,Third,Rural
DZ01201,1,864,2,235,1,281,204,277,73,1145,531,581,186,537,30.43,Other Urban,1.1574074074074074,Most deprived,Fourth,Urban
DZ01202,1,636,5,736,3,517,637,728,925,1438,653,777,108,215,21.74,Other Urban,1.5723270440251573,Second,Least deprived,Urban
DZ01203,2,1043,3,462,2,476,994,249,441,1153,139,744,88,106,16.67,Large Urban,1.9175455417066154,Second,Fourth,Urban
DZ01204,2,819,4,527,2,508,421,602,321,1173,949,507,105,161,20,Large Urban,2.442002442002442,Second,Fourth,Urban
DZ01205,2,902,3,419,2,474,258,462,486,760,305,692,137,406,20,Large Urban,2.2172949002217295,Second,Third,Urban
DZ01206,4,841,3,470,2,415,660,322,430,1476,488,586,96,185,16.67,Large Urban,4.756242568370986,Second,Least deprived,Urban
DZ01207,2,640,2,275,1,235,220,423,359,944,33,138,169,369,13.64,Large Urban,3.125,Most deprived,Third,Urban
DZ01208,3,859,2,230,1,97,177,214,258,1566,753,621,310,319,41.46,Large Urban,3.492433061699651,Most deprived,Least deprived,Urban
DZ01210,4,871,1,121,1,127,162,140,63,1354,503,6,208,309,14.29,Large Urban,4.5924225028702645,Most deprived,Least deprived,Urban
DZ01211,3,546,2,232,1,84,100,205,644,1572,609,128,171,416,25,Large Urban,5.4945054945054945,Most deprived,Least deprived,Urban
DZ01212,5,608,1,8,1,4,16,24,87,910,5,125,354,438,33.33,Large Urban,8.223684210526315,Most deprived,Third,Urban
DZ01214,1,852,7,1099,4,1196,1057,1100,973,599,628,1386,96,93,6.45,Large Urban,1.1737089201877935,Fourth,Second,Urban
DZ01217,1,795,3,469,2,405,365,469,728,917,330,607,145,119,17.39,Large Urban,1.2578616352201257,Second,Third,Urban
DZ01218,1,762,6,908,3,863,1287,584,1226,549,1296,237,78,97,0,Large Urban,1.3123359580052494,Third,Second,Urban
DZ01219,1,791,8,1227,4,1159,1440,1237,797,1137,1114,577,50,40,17.24,Large Urban,1.2642225031605563,Fourth,Fourth,Urban
DZ01222,1,939,5,704,3,477,607,1013,545,818,1215,520,150,193,34.62,Other Urban,1.0649627263045793,Second,Third,Urban
DZ01224,6,918,2,313,1,191,576,225,575,552,971,326,116,357,28.57,Other Urban,6.5359477124183005,Most deprived,Second,Urban
DZ01225,1,802,4,552,2,421,487,680,787,303,1412,436,115,70,11.76,Accessible Rural,1.2468827930174564,Second,Most deprived,Rural
DZ01226,1,722,5,698,3,823,802,545,1038,246,1207,892,117,181,10.53,Accessible Rural,1.3850415512465375,Third,Most deprived,Rural
DZ01227,1,689,6,827,3,1028,919,864,836,74,1450,1015,97,141,12.5,Accessible Rural,1.4513788098693758,Fourth,Most deprived,Rural
DZ01230,1,782,4,525,2,728,750,443,719,372,193,108,123,212,17.86,Remote Small Towns,1.278772378516624,Third,Second,Urban
DZ01231,1,923,9,1354,5,1419,1452,1210,1346,639,959,987,76,38,4.55,Remote Small Towns,1.0834236186348862,Least deprived,Second,Urban
DZ01234,3,972,4,621,2,659,486,660,743,523,408,1279,140,125,14.81,Remote Small Towns,3.0864197530864197,Third,Second,Urban
DZ01235,1,1012,5,645,3,969,624,908,342,88,896,1079,140,57,15.15,Remote Rural,0.9881422924901185,Fourth,Most deprived,Rural
DZ01237,1,784,2,223,1,265,363,344,141,186,617,650,92,87,21.74,Remote Rural,1.2755102040816326,Most deprived,Most deprived,Rural
DZ01238,2,469,5,679,3,807,259,949,896,211,1160,561,167,85,16.67,Remote Rural,4.264392324093817,Third,Most deprived,Rural
DZ01241,1,777,3,463,2,142,648,788,496,660,1034,488,133,171,20,Other Urban,1.287001287001287,Most deprived,Third,Urban
DZ01242,1,894,4,581,2,341,586,783,740,1022,572,474,181,230,26.47,Other Urban,1.1185682326621924,Second,Fourth,Urban
DZ01243,1,821,6,875,3,748,1001,888,729,1124,976,705,57,74,19.35,Large Urban,1.2180267965895248,Third,Fourth,Urban
DZ01246,3,754,6,907,3,781,1013,871,750,1590,84,710,91,172,29.73,Large Urban,3.9787798408488064,Third,Least deprived,Urban
DZ01248,2,821,2,248,1,366,83,286,135,1466,242,20,239,393,17.39,Large Urban,2.4360535931790497,Second,Least deprived,Urban
DZ01250,4,460,1,50,1,57,174,27,96,1505,18,26,96,287,38.46,Large Urban,8.695652173913043,Most deprived,Least deprived,Urban
DZ01251,1,1171,6,858,3,708,603,798,614,1597,1019,816,96,114,18.37,Large Urban,0.8539709649871904,Third,Least deprived,Urban
DZ01253,2,1024,2,212,1,236,144,323,233,832,154,38,197,165,24.24,Large Urban,1.953125,Most deprived,Third,Urban
DZ01254,2,848,5,651,3,879,636,384,880,613,978,723,105,140,3.45,Large Urban,2.3584905660377355,Third,Second,Urban
DZ01255,1,730,7,979,4,1049,595,842,1099,1205,1251,379,126,123,0,Large Urban,1.36986301369863,Fourth,Fourth,Urban
DZ01259,2,684,9,1414,5,1555,1293,1233,1348,685,369,1514,91,76,0,Large Urban,2.923976608187134,Least deprived,Third,Urban
DZ01265,7,688,1,39,1,75,10,106,31,709,281,299,308,508,44.83,Other Urban,10.174418604651164,Most deprived,Third,Urban
DZ01266,1,648,2,245,1,418,90,474,77,354,554,90,267,139,5.56,Accessible Rural,1.5432098765432098,Second,Second,Rural
DZ01268,1,784,9,1410,5,1365,1298,1470,1279,858,1085,1124,147,79,3.57,Accessible Small Towns,1.2755102040816326,Least deprived,Third,Urban
DZ01269,1,829,8,1163,4,1220,1077,1288,1276,370,770,86,191,93,14.29,Accessible Small Towns,1.2062726176115801,Fourth,Second,Urban
DZ01274,3,902,9,1284,5,1339,1544,1239,966,340,1055,1152,58,116,14.81,Remote Small Towns,3.3259423503325944,Least deprived,Second,Urban
DZ01276,2,998,1,29,1,53,178,64,19,44,210,951,147,171,20,Remote Rural,2.004008016032064,Most deprived,Most deprived,Rural
DZ01281,5,952,1,80,1,43,304,87,67,1277,196,210,132,315,43.33,Other Urban,5.2521008403361344,Most deprived,Fourth,Urban
DZ01283,4,862,4,498,2,699,372,508,318,1041,390,152,189,120,7.69,Other Urban,4.640371229698376,Third,Fourth,Urban
DZ01285,2,800,9,1374,5,1302,952,1503,1506,882,244,901,181,173,10.34,Large Urban,2.5,Least deprived,Third,Urban
DZ01286,5,898,2,224,1,123,289,367,211,1206,31,596,178,546,33.33,Large Urban,5.567928730512249,Most deprived,Fourth,Urban
DZ01288,1,558,9,1320,5,1180,1020,1385,1363,984,1122,1594,94,66,8.33,Large Urban,1.7921146953405018,Fourth,Fourth,Urban
DZ01289,2,556,7,988,4,722,505,925,1200,1586,799,1362,184,98,6.67,Large Urban,3.5971223021582737,Third,Least deprived,Urban
DZ01290,2,553,4,628,2,510,743,588,808,1058,251,1234,178,138,18.18,Large Urban,3.6166365280289328,Second,Fourth,Urban
DZ01291,7,881,1,79,1,95,66,77,125,1140,217,79,188,648,42.42,Large Urban,7.945516458569807,Most deprived,Fourth,Urban
DZ01292,3,632,1,147,1,205,217,98,270,908,172,82,255,400,21.05,Large Urban,4.746835443037975,Most deprived,Third,Urban
DZ01293,1,910,8,1188,4,1047,1051,1172,1347,1023,791,1333,172,113,2.7,Large Urban,1.098901098901099,Fourth,Fourth,Urban
DZ01294,2,808,2,316,1,221,323,551,222,1267,35,58,116,284,17.39,Large Urban,2.4752475247524752,Most deprived,Fourth,Urban
DZ01295,3,929,4,541,2,640,727,299,853,1255,67,871,129,151,21.95,Large Urban,3.2292787944025836,Second,Fourth,Urban
DZ01297,1,630,3,336,2,481,453,245,329,641,280,566,141,112,25,Large Urban,1.5873015873015872,Second,Second,Urban
DZ01298,1,883,3,399,2,449,668,238,487,1049,115,678,95,50,29.41,Large Urban,1.1325028312570782,Second,Fourth,Urban
DZ01301,3,866,6,840,3,684,1195,673,800,1246,1179,250,88,113,22.22,Other Urban,3.464203233256351,Third,Fourth,Urban
DZ01302,3,570,10,1555,5,1425,1505,1565,1485,1518,1579,1416,43,83,8,Other Urban,5.263157894736842,Least deprived,Least deprived,Urban
DZ01303,1,577,7,1061,4,968,1266,1131,747,799,1058,567,55,69,6.25,Other Urban,1.7331022530329288,Fourth,Third,Urban
DZ01304,1,923,3,376,2,345,757,330,474,891,113,252,174,158,23.33,Other Urban,1.0834236186348862,Second,Third,Urban
DZ01305,2,892,1,153,1,189,116,242,215,640,52,463,169,207,19.23,Other Urban,2.242152466367713,Most deprived,Second,Urban
DZ01309,1,928,8,1191,4,1258,1062,1110,1332,415,1352,534,79,121,10.34,Accessible Small Towns,1.0775862068965516,Fourth,Second,Urban
DZ01310,2,835,3,326,2,321,511,400,283,435,588,114,175,129,12.9,Remote Small Towns,2.395209580838323,Second,Second,Urban
DZ01311,1,789,2,312,1,367,205,332,164,655,842,1402,160,313,17.65,Accessible Small Towns,1.2674271229404308,Second,Third,Urban
DZ01315,1,955,2,242,1,293,197,452,294,61,506,966,103,230,19.23,Remote Rural,1.0471204188481678,Most deprived,Most deprived,Rural
DZ01317,3,710,2,190,1,241,347,276,339,14,963,390,114,77,31.25,Remote Rural,4.225352112676056,Most deprived,Most deprived,Rural
DZ01318,2,576,2,183,1,250,356,212,385,31,481,550,133,141,7.14,Remote Rural,3.472222222222222,Most deprived,Most deprived,Rural
DZ01321,9,1155,1,110,1,100,580,105,90,878,28,384,130,149,29.41,Other Urban,7.792207792207792,Most deprived,Third,Urban
DZ01322,3,1109,2,289,1,244,374,317,353,672,415,182,103,208,22.22,Other Urban,2.705139765554554,Most deprived,Third,Urban
DZ01323,3,746,7,1102,4,1106,970,962,1433,801,581,1039,109,59,13.79,Other Urban,4.021447721179625,Fourth,Third,Urban
DZ01326,3,1013,3,368,2,398,519,220,343,1241,373,1099,174,162,3.7,Large Urban,2.9615004935834155,Second,Fourth,Urban
DZ01328,1,590,3,343,2,412,327,151,471,1531,660,36,193,339,38.46,Large Urban,1.694915254237288,Second,Least deprived,Urban
DZ01330,2,751,6,801,3,717,721,852,589,1260,1128,719,72,237,8,Large Urban,2.663115845539281,Third,Fourth,Urban
DZ01331,2,762,2,231,1,180,117,215,594,1119,332,57,202,410,35,Large Urban,2.6246719160104988,Most deprived,Fourth,Urban
DZ01333,6,1003,5,762,3,582,898,890,646,494,1162,1564,89,91,13.51,Large Urban,5.982053838484546,Second,Second,Urban
DZ01334,1,789,10,1497,5,1449,1285,1499,1365,1360,828,1590,97,40,3.45,Large Urban,1.2674271229404308,Least deprived,Least deprived,Urban
DZ01336,1,774,9,1437,5,1422,1282,1451,1328,675,1093,1563,72,101,5.71,Large Urban,1.2919896640826873,Least deprived,Third,Urban
DZ01339,1,949,7,978,4,1124,829,902,658,753,1502,430,69,192,6.67,Large Urban,1.053740779768177,Fourth,Third,Urban
DZ01340,4,1006,1,136,1,168,74,121,115,1263,903,31,240,280,36.36,Large Urban,3.976143141153081,Most deprived,Fourth,Urban
DZ01342,1,792,6,838,3,683,644,1053,511,1259,1073,1214,87,185,25,Other Urban,1.2626262626262628,Third,Fourth,Urban
DZ01343,1,627,7,1009,4,1155,1100,794,976,652,1261,150,107,94,6.25,Other Urban,1.594896331738437,Fourth,Third,Urban
DZ01345,3,699,3,429,2,442,430,346,207,1352,1208,501,156,268,11.54,Accessible Small Towns,4.291845493562231,Second,Least deprived,Urban
DZ01346,3,834,1,146,1,86,276,430,119,281,133,911,113,124,18.92,Accessible Rural,3.5971223021582737,Most deprived,Most deprived,Rural
DZ01347,1,791,4,526,2,534,800,524,611,160,1240,1212,56,71,15.38,Accessible Rural,1.2642225031605563,Second,Most deprived,Rural
DZ01348,2,766,9,1391,5,1397,1228,1400,1446,800,559,1461,55,39,12.5,Accessible Small Towns,2.6109660574412534,Least deprived,Third,Urban
DZ01350,2,807,2,215,1,262,193,236,351,381,385,350,220,191,19.05,Accessible Small Towns,2.4783147459727384,Most deprived,Second,Urban
DZ01351,1,710,2,213,1,266,148,232,350,421,667,83,252,283,16.67,Remote Small Towns,1.4084507042253522,Most deprived,Second,Urban
DZ01352,2,854,5,709,3,971,495,372,1057,884,1081,601,96,125,8.82,Remote Small Towns,2.34192037470726,Fourth,Third,Urban
DZ01353,1,649,6,955,3,918,554,1000,1016,931,816,1582,170,180,5.26,Remote Small Towns,1.5408320493066257,Third,Third,Urban
DZ01355,1,639,2,263,1,167,581,351,346,185,1066,273,145,155,30.43,Remote Rural,1.5649452269170578,Most deprived,Most deprived,Rural
DZ01356,1,624,2,175,1,229,366,118,561,152,269,921,108,81,15.79,Remote Rural,1.6025641025641024,Most deprived,Most deprived,Rural
DZ01358,1,637,5,695,3,731,683,901,596,260,1148,1027,130,149,26.09,Remote Rural,1.5698587127158556,Third,Most deprived,Rural
DZ01362,3,933,6,900,3,1128,647,770,1103,676,691,481,193,143,19.23,Other Urban,3.215434083601286,Fourth,Third,Urban
DZ01365,3,918,3,392,2,386,562,467,239,900,164,664,100,107,34.78,Large Urban,3.2679738562091503,Second,Third,Urban
DZ01366,1,837,6,819,3,697,704,943,686,1298,719,967,139,246,4.17,Large Urban,1.194743130227001,Third,Least deprived,Urban
DZ01367,1,998,5,696,3,761,424,548,672,1481,966,637,183,152,18.18,Large Urban,1.002004008016032,Third,Least deprived,Urban
DZ01368,4,662,1,143,1,132,202,163,156,1115,81,354,207,165,50,Large Urban,6.042296072507553,Most deprived,Fourth,Urban
DZ01369,1,982,2,255,1,115,348,311,223,911,749,1328,98,259,40.62,Large Urban,1.0183299389002036,Most deprived,Third,Urban
DZ01370,3,910,2,260,1,195,151,291,436,1412,62,467,193,132,26.47,Large Urban,3.2967032967032965,Most deprived,Least deprived,Urban
DZ01371,3,936,6,831,3,666,634,1078,640,1190,1112,187,245,160,12.2,Large Urban,3.205128205128205,Third,Fourth,Urban
DZ01372,3,997,8,1276,4,1193,1307,1458,1082,714,218,1198,103,68,13.89,Large Urban,3.009027081243731,Fourth,Third,Urban
DZ01375,1,665,10,1578,5,1578,1584,1573,1523,568,1394,1566,48,48,0,Large Urban,1.5037593984962407,Least deprived,Second,Urban
DZ01376,2,775,10,1505,5,1495,1403,1479,1283,1056,1525,811,67,49,0,Large Urban,2.5806451612903225,Least deprived,Fourth,Urban
DZ01378,2,711,7,1017,4,662,852,1169,1417,1191,99,1060,81,81,19.05,Large Urban,2.8129395218002813,Third,Fourth,Urban
DZ01379,1,846,8,1130,4,920,761,1323,1154,1339,500,1295,144,107,8.7,Large Urban,1.1820330969267139,Third,Least deprived,Urban
DZ01380,3,931,5,687,3,737,839,743,529,578,618,585,93,195,3.12,Other Urban,3.22234156820623,Third,Second,Urban
DZ01381,5,842,3,347,2,251,609,263,464,1116,537,366,122,147,40.62,Other Urban,5.938242280285036,Most deprived,Fourth,Urban
DZ01383,1,877,5,673,3,605,784,663,1234,459,235,183,81,118,25,Accessible Small Towns,1.1402508551881414,Second,Second,Urban
DZ01384,1,878,5,700,3,527,894,781,944,662,259,1153,40,202,21.88,Accessible Small Towns,1.1389521640091116,Second,Third,Urban
DZ01386,8,1037,2,226,1,124,315,289,388,735,117,1077,120,303,31.11,Accessible Small Towns,7.714561234329798,Most deprived,Third,Urban
DZ01387,4,791,1,125,1,77,302,208,94,425,579,557,204,132,36.36,Accessible Rural,5.056890012642225,Most deprived,Second,Rural
DZ01388,2,880,3,363,2,260,370,424,903,252,939,439,94,92,23.33,Remote Rural,2.2727272727272725,Most deprived,Most deprived,Rural
DZ01389,2,701,2,310,1,326,512,227,261,815,207,1306,137,106,13.33,Remote Small Towns,2.8530670470756063,Second,Third,Urban
DZ01391,1,727,1,63,1,60,54,304,72,358,38,175,324,572,39.13,Remote Small Towns,1.375515818431912,Most deprived,Second,Urban
DZ01392,1,931,5,759,3,852,1114,826,402,977,123,280,107,70,24,Remote Small Towns,1.0741138560687433,Third,Fourth,Urban
DZ01393,2,799,7,1108,4,1048,1238,1174,1030,375,1384,446,46,98,23.08,Remote Small Towns,2.5031289111389237,Fourth,Second,Urban
DZ01394,2,1022,1,91,1,255,246,43,127,331,215,52,207,101,28.12,Remote Rural,1.9569471624266144,Most deprived,Second,Rural
DZ01395,1,650,2,225,1,203,184,385,241,77,1389,1024,189,404,17.65,Remote Rural,1.5384615384615385,Most deprived,Most deprived,Rural
DZ01396,1,697,2,221,1,337,642,82,432,115,1008,619,121,202,16.67,Remote Rural,1.4347202295552368,Second,Most deprived,Rural
DZ01400,1,630,10,1521,5,1572,1402,1555,1416,8,1597,1283,55,39,6.25,Remote Rural,1.5873015873015872,Least deprived,Most deprived,Rural
DZ01402,4,913,7,970,4,857,510,912,1175,1171,1237,1489,232,333,21.62,Other Urban,4.381161007667032,Third,Fourth,Urban
DZ01403,4,622,1,117,1,128,242,114,97,852,412,39,175,250,6.25,Other Urban,6.430868167202572,Most deprived,Third,Urban
DZ01404,4,805,3,342,2,264,541,457,301,460,674,473,224,191,46.15,Other Urban,4.9689440993788825,Most deprived,Second,Urban
DZ01406,1,794,4,569,2,578,687,513,621,624,748,640,108,190,20,Other Urban,1.2594458438287153,Second,Second,Urban
DZ01408,2,550,2,265,1,214,759,134,153,1500,200,369,111,140,33.33,Large Urban,3.6363636363636362,Most deprived,Least deprived,Urban
DZ01409,3,841,2,198,1,361,61,169,272,1008,185,307,357,519,26.32,Large Urban,3.5671819262782405,Second,Fourth,Urban
DZ01410,2,601,2,239,1,94,523,260,209,1523,277,105,157,101,32.14,Large Urban,3.327787021630616,Most deprived,Least deprived,Urban
DZ01411,3,852,2,181,1,133,454,270,43,1293,108,169,242,262,19.23,Large Urban,3.5211267605633805,Most deprived,Least deprived,Urban
DZ01412,1,1035,9,1404,5,1375,1209,1301,1549,847,1294,1184,77,77,0,Large Urban,0.966183574879227,Least deprived,Third,Urban
DZ01413,2,669,10,1569,5,1547,1487,1587,1548,1349,852,866,93,76,27.78,Large Urban,2.9895366218236172,Least deprived,Least deprived,Urban
DZ01417,2,642,4,565,2,657,232,628,302,1503,538,837,235,94,14.29,Large Urban,3.115264797507788,Third,Least deprived,Urban
DZ01418,1,921,3,426,2,208,588,438,691,901,1119,176,125,279,27.27,Large Urban,1.0857763300760044,Most deprived,Third,Urban
DZ01419,1,927,6,881,3,783,981,982,415,1329,472,1562,100,164,22.73,Other Urban,1.0787486515641855,Third,Least deprived,Urban
DZ01420,3,742,9,1294,5,1131,1359,1406,1314,645,761,905,74,101,11.54,Other Urban,4.0431266846361185,Fourth,Third,Urban
DZ01423,1,1037,7,1088,4,1127,1246,972,777,1373,383,1372,100,117,12.5,Accessible Small Towns,0.9643201542912248,Fourth,Least deprived,Urban
DZ01424,1,544,6,929,3,925,615,1021,1134,1007,406,559,157,300,17.65,Accessible Small Towns,1.838235294117647,Third,Fourth,Urban
DZ01425,3,837,1,60,1,30,73,120,76,1435,118,231,113,468,28.57,Accessible Small Towns,3.5842293906810037,Most deprived,Least deprived,Urban
DZ01426,3,860,2,170,1,254,23,237,203,830,641,404,410,367,12.5,Accessible Small Towns,3.488372093023256,Most deprived,Third,Urban
DZ01427,3,800,1,38,1,79,45,104,7,341,264,636,236,435,36,Accessible Rural,3.75,Most deprived,Second,Rural
DZ01428,6,907,2,300,1,202,438,364,586,112,1213,393,154,185,23.08,Accessible Rural,6.615214994487321,Most deprived,Most deprived,Rural
DZ01429,1,655,4,571,2,499,1017,661,617,270,788,163,154,34,20,Accessible Rural,1.5267175572519083,Second,Most deprived,Rural
DZ01430,3,897,3,448,2,606,166,471,664,227,1390,648,143,186,12,Remote Rural,3.3444816053511706,Second,Most deprived,Rural
DZ01431,1,587,1,156,1,359,473,89,268,46,337,909,132,86,26.67,Remote Rural,1.7035775127768313,Second,Most deprived,Rural
DZ01434,1,807,2,214,1,318,271,181,236,465,285,562,175,89,18.18,Remote Rural,1.2391573729863692,Most deprived,Second,Rural
DZ01436,3,969,1,40,1,58,43,84,95,269,94,589,283,339,40.74,Remote Rural,3.0959752321981426,Most deprived,Most deprived,Rural
DZ01437,1,694,2,202,1,277,134,433,260,80,220,593,143,455,29.41,Remote Rural,1.440922190201729,Most deprived,Most deprived,Rural
DZ01438,3,712,3,370,2,331,728,526,269,105,1037,1197,144,144,22.73,Remote Rural,4.213483146067416,Second,Most deprived,Rural
DZ01439,2,854,6,820,3,1000,998,975,634,262,553,1052,78,107,11.76,Remote Rural,2.34192037470726,Fourth,Most deprived,Rural
DZ01440,1,670,7,1031,4,1188,968,1082,1266,12,1555,483,105,49,9.09,Remote Rural,1.492537313432836,Fourth,Most deprived,Rural
DZ01442,1,583,9,1322,5,1231,1295,1442,1349,656,407,931,69,78,0,Other Urban,1.7152658662092624,Fourth,Third,Urban
DZ01443,1,1045,5,654,3,590,679,553,568,1470,771,750,120,122,6.45,Other Urban,0.9569377990430622,Second,Least deprived,Urban
DZ01444,2,858,4,532,2,233,538,854,508,929,1181,629,137,171,29.63,Other Urban,2.331002331002331,Most deprived,Third,Urban
DZ01450,3,957,3,443,2,320,243,357,757,1455,742,1133,224,528,36.11,Large Urban,3.134796238244514,Most deprived,Least deprived,Urban
DZ01451,1,659,4,517,2,461,723,439,522,751,891,1018,66,270,5,Large Urban,1.5174506828528074,Second,Third,Urban
DZ01452,1,856,7,1117,4,1125,1174,1118,697,1474,137,1583,117,136,4.17,Large Urban,1.1682242990654206,Fourth,Least deprived,Urban
DZ01456,2,672,7,980,4,1255,411,876,1031,899,1132,315,190,85,4,Large Urban,2.976190476190476,Fourth,Third,Urban
DZ01457,1,765,7,1073,4,1053,641,1209,1067,702,1202,1255,122,149,0,Other Urban,1.3071895424836601,Fourth,Third,Urban
DZ01458,1,979,5,644,3,559,777,694,383,1088,880,982,100,229,18.75,Other Urban,1.021450459652707,Second,Fourth,Urban
DZ01459,2,864,6,837,3,1014,631,810,769,935,831,443,148,139,11.54,Other Urban,2.314814814814815,Fourth,Third,Urban
DZ01460,5,848,2,195,1,175,160,144,567,905,256,305,220,184,38.71,Other Urban,5.89622641509434,Most deprived,Third,Urban
DZ01461,1,955,7,1096,4,1091,974,1102,823,1229,950,1258,91,117,7.41,Other Urban,1.0471204188481678,Fourth,Fourth,Urban
DZ01462,1,762,5,767,3,1182,617,546,587,554,948,1043,104,221,3.12,Other Urban,1.3123359580052494,Fourth,Second,Urban
DZ01463,1,788,6,919,3,661,1080,729,1143,1449,916,675,56,122,9.09,Accessible Small Towns,1.2690355329949237,Third,Least deprived,Urban
DZ01464,2,757,8,1235,4,1225,1096,1338,1044,1010,656,807,119,104,6.06,Accessible Small Towns,2.642007926023778,Fourth,Fourth,Urban
DZ01465,6,857,3,355,2,348,399,388,333,895,297,877,127,107,30,Accessible Small Towns,7.001166861143524,Second,Third,Urban
DZ01466,3,806,1,88,1,102,416,58,242,383,102,144,150,137,25,Accessible Small Towns,3.7220843672456576,Most deprived,Second,Urban
DZ01467,7,763,1,10,1,16,24,20,23,109,168,181,246,532,48,Accessible Rural,9.174311926605505,Most deprived,Most deprived,Rural
DZ01470,1,882,4,588,2,1015,380,839,376,38,1095,612,329,102,13.33,Remote Rural,1.1337868480725624,Fourth,Most deprived,Rural
DZ01472,1,653,2,271,1,545,656,198,40,204,1049,929,92,137,17.65,Remote Rural,1.5313935681470139,Second,Most deprived,Rural
DZ01473,2,962,5,711,3,1025,927,714,759,17,1182,787,86,78,7.69,Remote Rural,2.079002079002079,Fourth,Most deprived,Rural
DZ01476,3,958,2,292,1,270,309,333,461,199,1297,312,129,96,25,Remote Rural,3.131524008350731,Most deprived,Most deprived,Rural
DZ01477,1,826,2,162,1,163,273,211,574,70,206,296,123,228,36.36,Remote Rural,1.2106537530266344,Most deprived,Most deprived,Rural
DZ01482,3,939,2,254,1,243,122,209,883,458,318,457,110,198,24.14,Other Urban,3.1948881789137378,Most deprived,Second,Urban
DZ01483,1,713,6,872,3,647,792,822,1185,1314,539,1273,105,73,16.67,Accessible Small Towns,1.402524544179523,Third,Least deprived,Urban
DZ01485,1,795,8,1250,4,1348,1239,1150,1290,928,191,1125,91,46,5.26,Other Urban,1.2578616352201257,Least deprived,Third,Urban
DZ01488,1,958,7,1044,4,945,1468,775,1034,893,1275,202,69,34,3.33,Other Urban,1.04384133611691,Third,Third,Urban
DZ01489,1,758,10,1596,5,1576,1597,1599,1591,597,1505,1367,31,22,3.85,Other Urban,1.3192612137203166,Least deprived,Second,Urban
DZ01490,1,1009,3,382,2,494,164,453,296,885,356,1209,428,211,16.67,Large Urban,0.9910802775024776,Second,Third,Urban
DZ01491,1,711,8,1135,4,1003,1130,1193,1122,976,1091,309,71,173,14.29,Large Urban,1.4064697609001406,Fourth,Fourth,Urban
DZ01492,1,640,8,1176,4,922,1119,941,1437,1367,1276,1543,98,67,21.43,Other Urban,1.5625,Third,Least deprived,Urban
DZ01493,1,611,10,1589,5,1550,1589,1597,1595,390,1491,1360,53,45,0,Large Urban,1.6366612111292964,Least deprived,Second,Urban
DZ01495,2,676,10,1448,5,1402,1571,1381,1277,1093,552,1021,39,58,4.17,Other Urban,2.9585798816568047,Least deprived,Fourth,Urban
DZ01496,2,1009,7,1107,4,898,1350,1113,732,1123,1353,1019,81,60,13.33,Other Urban,1.9821605550049552,Third,Fourth,Urban
DZ01497,1,660,5,741,3,601,933,807,1004,368,504,1477,118,46,16.67,Other Urban,1.5151515151515151,Second,Second,Urban
DZ01499,1,821,10,1449,5,1565,1397,1027,1313,1013,1559,662,101,85,10,Other Urban,1.2180267965895248,Least deprived,Fourth,Urban
DZ01500,6,864,7,1076,4,895,485,1216,1120,943,1553,1321,114,96,15.79,Other Urban,6.944444444444444,Third,Third,Urban
DZ01501,2,870,4,616,2,646,561,587,531,912,711,1204,129,92,6.25,Other Urban,2.2988505747126435,Third,Third,Urban
DZ01503,2,474,6,940,3,779,977,1157,746,663,701,981,71,88,28,Accessible Small Towns,4.219409282700422,Third,Third,Urban
DZ01505,3,823,2,253,1,188,401,256,366,447,638,549,220,258,25.93,Accessible Small Towns,3.6452004860267313,Most deprived,Second,Urban
DZ01506,2,868,1,93,1,156,139,150,25,387,367,673,237,643,22.22,Accessible Small Towns,2.304147465437788,Most deprived,Second,Urban
DZ01507,3,897,2,315,1,428,536,262,325,118,1001,912,134,130,16.67,Accessible Rural,3.3444816053511706,Second,Most deprived,Rural
DZ01510,2,884,6,892,3,1019,941,981,764,314,890,1211,61,108,17.65,Remote Rural,2.2624434389140275,Fourth,Most deprived,Rural
DZ01512,2,865,3,381,2,301,145,911,309,258,762,1353,176,378,8.82,Remote Rural,2.3121387283236996,Most deprived,Most deprived,Rural
DZ01513,2,898,7,1095,4,956,1234,1121,857,305,1591,1497,75,58,14.29,Remote Rural,2.2271714922048997,Third,Most deprived,Rural
DZ01516,1,776,3,464,2,579,621,449,803,188,232,533,166,76,9.52,Remote Rural,1.288659793814433,Second,Most deprived,Rural
DZ01520,1,771,8,1134,4,1328,1230,1004,1435,26,1245,1030,74,54,14.29,Remote Rural,1.297016861219196,Least deprived,Most deprived,Rural
DZ01523,1,616,5,734,3,644,675,895,766,531,1032,728,131,165,11.76,Accessible Small Towns,1.6233766233766236,Third,Second,Urban
DZ01527,1,783,10,1528,5,1509,1435,1448,1531,802,1569,1592,86,46,6.45,Other Urban,1.277139208173691,Least deprived,Third,Urban
DZ01530,1,574,9,1347,5,1252,1280,1383,941,1446,1405,999,103,64,10,Other Urban,1.7421602787456445,Fourth,Least deprived,Urban
DZ01532,2,789,4,580,2,648,861,350,744,1083,524,155,96,79,12.5,Other Urban,2.5348542458808616,Third,Fourth,Urban
DZ01533,3,759,6,804,3,631,400,1224,562,1076,639,1239,332,236,31.58,Other Urban,3.952569169960474,Second,Fourth,Urban
DZ01534,1,671,4,488,2,473,238,571,395,1253,779,414,126,236,10.34,Other Urban,1.4903129657228018,Second,Fourth,Urban
DZ01536,2,909,5,750,3,588,793,907,628,985,483,1422,105,133,23.68,Other Urban,2.2002200220022,Second,Fourth,Urban
DZ01537,2,820,4,591,2,500,635,746,580,1002,138,580,126,114,20.83,Other Urban,2.4390243902439024,Second,Fourth,Urban
DZ01538,2,969,10,1527,5,1500,1523,1506,1552,677,730,1552,99,65,11.76,Other Urban,2.0639834881320946,Least deprived,Third,Urban
DZ01539,2,900,10,1485,5,1421,1507,1513,1181,898,1038,1569,88,44,14.71,Other Urban,2.2222222222222223,Least deprived,Third,Urban
DZ01541,1,882,3,338,2,294,734,305,446,401,606,526,152,127,7.41,Accessible Small Towns,1.1337868480725624,Most deprived,Second,Urban
DZ01542,1,1038,8,1256,4,1132,1368,1280,1418,438,895,1156,93,58,21.21,Accessible Small Towns,0.9633911368015414,Fourth,Second,Urban
DZ01544,2,749,10,1576,5,1556,1579,1538,1594,868,1259,671,34,25,0,Accessible Small Towns,2.67022696929239,Least deprived,Third,Urban
DZ01545,1,523,5,677,3,698,441,861,608,508,1377,69,127,199,29.41,Accessible Small Towns,1.9120458891013383,Third,Second,Urban
DZ01547,2,727,8,1248,4,1318,1336,1152,1309,302,1120,1173,87,45,0,Remote Rural,2.751031636863824,Least deprived,Most deprived,Rural
DZ01551,2,755,2,194,1,135,263,437,177,107,859,595,107,146,23.81,Remote Rural,2.6490066225165565,Most deprived,Most deprived,Rural
DZ01552,1,732,4,612,2,505,542,598,929,191,1548,1510,159,78,14.29,Remote Rural,1.366120218579235,Second,Most deprived,Rural
DZ01553,1,822,9,1283,5,1102,1156,1422,1325,467,1500,386,109,63,4.76,Remote Rural,1.2165450121654502,Fourth,Second,Rural
DZ01554,1,844,7,969,4,726,1127,1159,1189,169,1315,679,159,124,7.69,Remote Rural,1.1848341232227488,Third,Most deprived,Rural
DZ01556,1,637,2,291,1,480,422,271,392,52,861,220,196,306,16.67,Remote Rural,1.5698587127158556,Second,Most deprived,Rural
DZ01557,1,746,1,150,1,302,189,285,161,54,316,303,132,267,4.35,Remote Rural,1.3404825737265416,Most deprived,Most deprived,Rural
DZ01560,1,971,1,85,1,130,131,218,176,5,564,272,285,141,17.65,Remote Rural,1.0298661174047374,Most deprived,Most deprived,Rural
DZ01564,1,709,6,942,3,1120,1472,716,1069,162,507,844,94,37,9.09,Accessible Rural,1.4104372355430184,Fourth,Most deprived,Rural
DZ01569,1,886,6,833,3,587,1404,723,980,972,306,898,108,38,13.79,Other Urban,1.128668171557562,Second,Fourth,Urban
DZ01570,1,622,5,691,3,530,907,506,1075,1001,1007,385,155,282,4,Other Urban,1.607717041800643,Second,Fourth,Urban
DZ01572,4,1146,2,168,1,216,127,158,324,761,127,293,281,264,24.14,Other Urban,3.4904013961605584,Most deprived,Third,Urban
DZ01573,2,523,1,160,1,117,297,166,213,969,211,349,186,390,13.33,Other Urban,3.8240917782026767,Most deprived,Fourth,Urban
DZ01574,8,796,2,320,1,288,215,303,266,1272,889,487,153,354,25.81,Other Urban,10.050251256281408,Most deprived,Fourth,Urban
DZ01576,3,893,2,189,1,245,281,196,123,855,112,257,136,238,23.08,Other Urban,3.3594624860022395,Most deprived,Third,Urban
DZ01577,2,946,5,664,3,521,513,641,1119,925,705,845,161,134,8.33,Other Urban,2.1141649048625792,Second,Third,Urban
DZ01578,2,743,10,1458,5,1398,1517,1266,1571,396,1482,1545,49,89,15.38,Accessible Rural,2.6917900403768504,Least deprived,Second,Rural
DZ01579,1,883,10,1550,5,1553,1460,1550,1540,416,1524,1556,73,66,11.43,Accessible Rural,1.1325028312570782,Least deprived,Second,Rural
DZ01581,3,883,7,1030,4,937,1112,817,1245,792,1281,1061,87,77,21.88,Accessible Small Towns,3.3975084937712343,Third,Third,Urban
DZ01583,1,763,7,1071,4,958,1026,1017,1438,445,1011,1238,124,172,16.22,Accessible Small Towns,1.3106159895150722,Third,Second,Urban
DZ01585,3,950,3,476,2,495,616,610,849,220,170,126,145,126,27.78,Remote Small Towns,3.1578947368421053,Second,Most deprived,Urban
DZ01586,4,842,9,1395,5,1436,1251,1358,1572,40,1572,1421,65,55,0,Remote Rural,4.750593824228028,Least deprived,Most deprived,Rural
DZ01591,2,725,1,49,1,74,92,83,130,91,479,274,262,297,15.38,Remote Rural,2.758620689655172,Most deprived,Most deprived,Rural
DZ01592,1,899,6,818,3,786,809,838,1287,182,1360,597,64,106,17.14,Remote Rural,1.1123470522803114,Third,Most deprived,Rural
DZ01595,1,938,10,1492,5,1470,1438,1532,1370,155,1563,1536,81,26,0,Remote Rural,1.0660980810234542,Least deprived,Most deprived,Rural
DZ01597,1,630,7,974,4,1076,1173,963,1121,11,1582,1026,72,104,4.35,Remote Rural,1.5873015873015872,Fourth,Most deprived,Rural
DZ00646,0,754,6,857,3,689,1109,1069,826,271,1305,624,97,91,10.71,Other Urban,0,Third,Most deprived,Urban
DZ00983,0,796,9,1310,5,934,1388,1487,1320,550,1154,1148,84,80,14.81,Other Urban,0,Third,Second,Urban
DZ00844,0,492,10,1539,5,1464,1551,1540,1522,1141,1130,1008,39,35,7.14,Large Urban,0,Least deprived,Fourth,Urban
DZ01079,0,846,4,587,2,663,726,583,864,214,550,1020,139,73,11.11,Remote Rural,0,Third,Most deprived,Rural
DZ00573,0,714,9,1377,5,1380,1199,1576,718,291,1355,1174,102,98,6.45,Accessible Rural,0,Least deprived,Most deprived,Rural
DZ01003,0,1072,9,1309,5,1187,1183,1214,1240,1395,1518,1041,79,70,5.26,Large Urban,0,Fourth,Least deprived,Urban
DZ00441,0,901,9,1430,5,1568,1279,1435,1427,37,1224,736,56,104,0,Remote Rural,0,Least deprived,Most deprived,Rural
DZ00678,0,818,9,1427,5,1401,1325,1336,1497,1370,642,738,67,84,0,Other Urban,0,Least deprived,Least deprived,Urban
DZ00585,0,1072,9,1339,5,1266,1398,1329,1351,1525,65,993,83,56,2.56,Large Urban,0,Fourth,Least deprived,Urban
DZ00089,0,738,4,501,2,532,436,528,726,229,1039,1382,91,164,11.11,Remote Rural,0,Second,Most deprived,Rural
DZ00947,0,649,9,1431,5,1477,1318,1287,1453,1046,885,1220,70,115,6.67,Accessible Small Towns,0,Least deprived,Fourth,Urban
DZ01469,0,596,5,727,3,909,985,616,1092,157,769,448,93,50,4.17,Accessible Rural,0,Third,Most deprived,Rural
DZ00687,0,721,2,317,1,174,269,499,188,1270,721,95,164,116,23.81,Other Urban,0,Most deprived,Fourth,Urban
DZ00412,0,1010,7,1008,4,855,1150,897,1205,461,1339,1392,71,36,20,Accessible Rural,0,Third,Second,Rural
DZ00297,0,617,9,1319,5,1280,1297,1440,1301,521,709,424,107,96,0,Accessible Small Towns,0,Fourth,Second,Urban
DZ01401,0,755,10,1486,5,1539,1454,1465,1394,187,1488,1409,38,51,0,Accessible Rural,0,Least deprived,Most deprived,Rural
DZ00138,0,833,3,409,2,455,460,326,423,422,1068,1436,219,90,13.04,Accessible Small Towns,0,Second,Second,Urban
DZ01282,0,836,7,1039,4,897,1102,1018,1159,781,912,1116,49,108,7.41,Other Urban,0,Third,Third,Urban
DZ00878,0,726,9,1332,5,1228,1339,1360,1311,665,1272,1280,116,61,5.56,Accessible Small Towns,0,Fourth,Third,Urban
DZ00433,0,676,7,975,4,1007,954,930,600,1168,1219,803,142,122,14.29,Large Urban,0,Fourth,Fourth,Urban
DZ01543,0,931,7,1068,4,990,1289,1059,1013,620,775,1118,59,94,7.89,Accessible Small Towns,0,Fourth,Second,Urban
DZ01236,0,804,1,86,1,125,86,80,278,128,1175,165,128,298,30,Remote Rural,0,Most deprived,Most deprived,Rural
DZ01257,0,780,6,836,3,891,916,671,739,1077,943,1096,115,90,9.09,Large Urban,0,Third,Fourth,Urban
DZ00130,0,965,6,814,3,792,906,821,1117,294,1304,645,132,157,3.85,Remote Rural,0,Third,Most deprived,Rural
DZ01517,0,705,5,719,3,734,1191,678,773,222,925,776,95,91,10.34,Remote Rural,0,Third,Most deprived,Rural
DZ01308,0,819,9,1423,5,1383,1408,1236,1318,1264,1530,1488,101,86,0,Accessible Small Towns,0,Least deprived,Fourth,Urban
DZ00484,0,555,8,1193,4,1163,1484,1245,712,356,1354,1420,83,47,35.71,Accessible Rural,0,Fourth,Second,Rural
DZ01397,0,735,1,145,1,371,79,283,237,4,645,727,148,266,12,Remote Rural,0,Second,Most deprived,Rural
DZ00791,0,875,8,1242,4,1250,1104,1041,1095,1498,1330,1135,87,79,0,Large Urban,0,Fourth,Least deprived,Urban
DZ00015,0,839,9,1351,5,1526,1344,1370,1441,19,793,1086,106,48,8.33,Remote Rural,0,Least deprived,Most deprived,Rural
DZ00963,0,861,10,1586,5,1588,1477,1596,1570,490,1269,1075,66,62,0,Large Urban,0,Least deprived,Second,Urban
DZ00388,0,860,1,65,1,44,47,94,47,1551,535,462,137,301,26.92,Large Urban,0,Most deprived,Least deprived,Urban
DZ00747,0,885,3,467,2,381,277,512,636,1306,489,46,176,249,24,Large Urban,0,Second,Least deprived,Urban
DZ01184,0,596,2,309,1,334,284,293,250,1086,458,75,123,215,29.41,Other Urban,0,Second,Fourth,Urban
DZ00939,0,783,4,508,2,602,389,492,375,1179,414,1100,135,194,10,Large Urban,0,Second,Fourth,Urban
DZ00940,0,891,7,1110,4,930,1269,1023,795,1588,643,613,104,50,10.81,Large Urban,0,Third,Least deprived,Urban
DZ01515,0,735,7,1089,4,1230,739,1265,892,202,1393,1522,98,114,0,Remote Rural,0,Fourth,Most deprived,Rural
DZ00174,0,796,6,847,3,1029,1097,669,700,744,933,201,56,85,6.25,Remote Small Towns,0,Fourth,Third,Urban
DZ00316,0,675,9,1432,5,1331,1500,1512,975,778,1163,1298,58,103,17.65,Large Urban,0,Least deprived,Third,Urban
DZ00863,0,760,10,1570,5,1540,1581,1558,1586,453,1319,1527,56,39,0,Other Urban,0,Least deprived,Second,Urban
DZ01076,0,462,10,1532,5,1487,1543,1517,1554,322,1573,1167,89,37,0,Remote Rural,0,Least deprived,Second,Rural
DZ00907,0,924,8,1150,4,1265,1065,1147,987,647,1048,284,99,74,8.33,Other Urban,0,Fourth,Third,Urban
DZ00832,0,1001,7,1013,4,1040,830,886,1484,789,167,617,113,182,24,Other Urban,0,Fourth,Third,Urban
DZ01359,0,868,9,1323,5,1199,1515,1285,1563,149,1174,1171,65,36,12.82,Remote Rural,0,Fourth,Most deprived,Rural
DZ00713,0,859,10,1587,5,1589,1596,1527,1583,705,1433,321,52,34,0,Large Urban,0,Least deprived,Third,Urban
DZ00483,0,908,8,1147,4,1387,942,1254,1025,225,854,927,73,109,3.12,Accessible Rural,0,Least deprived,Most deprived,Rural
DZ00086,0,737,2,273,1,192,848,176,642,221,712,573,86,67,17.14,Remote Rural,0,Most deprived,Most deprived,Rural
DZ00416,0,751,8,1203,4,1411,1420,1132,541,310,1233,1530,54,58,14.63,Accessible Rural,0,Least deprived,Most deprived,Rural
DZ00117,0,636,6,937,3,952,1007,916,779,1042,496,1087,104,92,23.81,Accessible Small Towns,0,Third,Fourth,Urban
DZ00326,0,907,4,617,2,820,405,555,577,743,625,1062,170,535,23.81,Accessible Small Towns,0,Third,Third,Urban
DZ00582,0,676,5,701,3,507,559,997,536,990,1015,521,179,118,29.17,Large Urban,0,Second,Fourth,Urban
DZ01183,0,676,3,332,2,228,439,315,414,1180,301,888,175,156,18.18,Other Urban,0,Most deprived,Fourth,Urban
DZ00123,0,1004,3,395,2,482,931,533,526,1,354,1081,92,64,27.27,Remote Rural,0,Second,Most deprived,Rural
DZ00016,0,944,5,671,3,653,817,942,630,68,1252,1120,92,85,25.81,Remote Rural,0,Third,Most deprived,Rural
DZ01453,0,957,10,1559,5,1548,1512,1521,1580,1378,630,1354,45,48,0,Large Urban,0,Least deprived,Least deprived,Urban
DZ00945,0,868,7,1048,4,1001,1459,811,809,684,1350,1136,85,25,12.5,Other Urban,0,Fourth,Third,Urban
DZ01157,0,701,8,1187,4,1353,1444,1344,1062,6,954,1048,46,67,0,Remote Rural,0,Least deprived,Most deprived,Rural
DZ00835,0,989,5,771,3,932,720,939,322,602,898,916,183,170,0,Other Urban,0,Third,Second,Urban
DZ00133,0,834,9,1361,5,1413,1443,1364,1242,717,613,753,78,56,7.69,Remote Small Towns,0,Least deprived,Third,Urban
DZ01521,0,851,4,544,2,410,662,682,492,638,388,1532,96,143,11.76,Accessible Rural,0,Second,Second,Rural
DZ00744,0,710,7,1101,4,817,1441,1204,702,766,1317,1210,71,76,26.67,Other Urban,0,Third,Third,Urban
DZ00479,0,915,5,712,3,625,312,646,1195,1154,996,592,161,304,17.24,Other Urban,0,Second,Fourth,Urban
DZ00294,0,1069,9,1296,5,1191,1343,1295,1535,309,760,1570,143,46,16.22,Accessible Small Towns,0,Fourth,Most deprived,Urban
DZ01522,0,500,2,318,1,339,390,561,53,301,1414,207,107,66,15.38,Accessible Rural,0,Second,Most deprived,Rural
DZ00009,0,635,9,1315,5,1354,926,1413,1420,194,1497,1363,43,134,5.56,Remote Rural,0,Least deprived,Most deprived,Rural
DZ00197,0,827,7,1055,4,833,1226,1128,738,886,1391,1088,62,99,21.88,Other Urban,0,Third,Third,Urban
DZ00337,0,922,7,1067,4,997,806,1086,1109,369,1595,926,71,96,3.57,Accessible Rural,0,Fourth,Second,Rural
DZ00397,0,930,10,1506,5,1311,1470,1457,1546,1552,972,778,41,95,2.78,Large Urban,0,Least deprived,Least deprived,Urban
DZ00710,0,617,4,560,2,754,548,459,683,686,246,394,106,192,7.14,Large Urban,0,Third,Third,Urban
DZ00964,0,802,8,1125,4,1064,1060,1031,1142,1409,718,899,183,193,0,Large Urban,0,Fourth,Least deprived,Urban
DZ00861,0,1032,10,1481,5,1447,1370,1444,1478,480,1574,1374,72,45,7.14,Other Urban,0,Least deprived,Second,Urban
DZ00147,0,938,3,440,2,486,147,517,932,448,238,904,227,377,20,Large Urban,0,Second,Second,Urban
DZ00100,0,925,8,1271,4,1217,1147,1306,1385,754,923,693,104,44,6.45,Accessible Rural,0,Fourth,Third,Rural
DZ01468,0,496,3,351,2,537,650,342,449,35,809,652,121,176,14.29,Remote Rural,0,Second,Most deprived,Rural
DZ01267,0,1045,5,648,3,701,920,431,1140,255,977,1219,71,73,13.16,Accessible Rural,0,Third,Most deprived,Rural
DZ00439,0,729,8,1160,4,929,840,1431,1076,1215,585,514,102,67,0,Other Urban,0,Third,Fourth,Urban
DZ00242,0,791,7,1019,4,1202,1055,936,1292,248,183,1517,89,98,8.33,Remote Rural,0,Fourth,Most deprived,Rural
DZ00249,0,628,6,901,3,805,1094,1247,631,648,83,449,176,126,11.11,Remote Small Towns,0,Third,Third,Urban
DZ00719,0,558,5,702,3,864,355,938,1020,419,96,344,133,207,25,Other Urban,0,Third,Second,Urban
DZ00132,0,787,6,849,3,1236,710,479,1032,456,1099,1141,190,56,0,Remote Rural,0,Fourth,Second,Rural
DZ00039,0,892,10,1523,5,1478,1491,1545,1539,275,1357,1579,70,61,2.7,Remote Rural,0,Least deprived,Most deprived,Rural
DZ00363,0,821,9,1313,5,1264,1391,1368,1392,125,1489,1456,91,61,9.52,Accessible Rural,0,Fourth,Most deprived,Rural
DZ01245,0,467,6,921,3,799,1049,586,820,1592,1065,661,145,75,0,Large Urban,0,Third,Least deprived,Urban
DZ01509,0,787,8,1161,4,1345,1206,1186,1014,161,1231,846,102,100,5.26,Accessible Rural,0,Least deprived,Most deprived,Rural
DZ00492,0,723,10,1545,5,1546,1371,1547,1532,484,1567,1533,44,67,0,Accessible Rural,0,Least deprived,Second,Rural
DZ00013,0,1047,1,119,1,154,180,339,103,13,774,277,211,170,23.53,Remote Rural,0,Most deprived,Most deprived,Rural
DZ01415,0,1056,10,1575,5,1563,1539,1580,1407,1561,946,1296,61,29,0,Large Urban,0,Least deprived,Least deprived,Urban
DZ01216,0,825,9,1363,5,1396,1338,1103,1355,1422,994,1550,67,44,14.29,Large Urban,0,Least deprived,Least deprived,Urban
DZ01484,0,701,3,364,2,411,183,441,300,866,602,832,192,188,11.54,Other Urban,0,Second,Third,Urban
DZ01320,0,616,10,1595,5,1597,1591,1581,1599,20,1593,1266,46,33,0,Remote Rural,0,Least deprived,Most deprived,Rural
DZ00761,0,760,7,1024,4,1246,987,951,758,726,616,766,118,109,7.14,Accessible Small Towns,0,Fourth,Third,Urban
DZ00756,0,723,9,1365,5,1368,1129,1347,1257,1156,1287,1387,102,69,9.38,Other Urban,0,Least deprived,Fourth,Urban
DZ01029,0,598,4,568,2,794,608,570,645,184,699,863,171,176,24,Accessible Small Towns,0,Third,Most deprived,Urban
DZ00063,0,870,10,1498,5,1522,1342,1489,1297,496,1568,893,36,45,0,Accessible Rural,0,Least deprived,Second,Rural
DZ00266,0,771,8,1173,4,1315,1355,1015,988,627,837,656,66,101,4.17,Large Urban,0,Least deprived,Second,Urban
DZ00536,0,843,6,817,3,947,1176,896,406,338,919,1356,66,68,6.25,Accessible Rural,0,Third,Second,Rural
DZ01502,0,1047,6,954,3,989,670,1176,1112,588,159,311,82,163,8,Accessible Small Towns,0,Fourth,Second,Urban
DZ01479,0,828,4,510,2,463,287,599,1125,101,1387,1040,200,104,15.79,Remote Rural,0,Second,Most deprived,Rural
DZ01349,0,630,9,1419,5,1507,1465,1353,1265,298,1395,1448,77,105,11.11,Remote Small Towns,0,Least deprived,Most deprived,Urban
DZ00141,0,783,10,1513,5,1433,1520,1535,1475,452,1196,1370,83,37,8.57,Accessible Rural,0,Least deprived,Second,Rural
DZ00740,0,722,5,728,3,742,816,494,494,1070,1522,1331,167,80,27.27,Other Urban,0,Third,Fourth,Urban
DZ01475,0,799,5,692,3,720,923,847,814,55,1248,708,97,80,3.7,Remote Rural,0,Third,Most deprived,Rural
DZ00036,0,767,6,803,3,935,936,657,940,318,1232,1159,105,76,11.43,Accessible Rural,0,Third,Most deprived,Rural
DZ01001,0,477,10,1446,5,1209,1358,1428,1389,1063,1592,1482,100,59,15.79,Other Urban,0,Fourth,Fourth,Urban
DZ00237,0,683,7,1056,4,1268,749,1242,936,463,150,1010,142,194,4.35,Other Urban,0,Fourth,Second,Urban
DZ01107,0,815,7,1034,4,911,1273,1020,1063,441,1314,605,137,96,0,Accessible Small Towns,0,Third,Second,Urban
DZ00615,0,665,9,1346,5,1350,1469,1235,867,1484,1283,765,90,121,6.25,Other Urban,0,Least deprived,Least deprived,Urban
DZ00978,0,546,4,516,2,529,599,567,472,1289,24,707,283,247,10.53,Large Urban,0,Second,Least deprived,Urban
DZ00273,0,976,9,1311,5,1183,1479,1229,1033,1249,1496,665,56,53,16.67,Large Urban,0,Fourth,Fourth,Urban
DZ00961,0,745,10,1530,5,1541,1518,1484,1579,500,1152,151,62,46,0,Other Urban,0,Least deprived,Second,Urban
DZ00358,0,1037,10,1470,5,1370,1494,1497,1337,1038,1169,687,38,101,6.25,Other Urban,0,Least deprived,Fourth,Urban
DZ01284,0,741,9,1416,5,1475,1161,1469,1202,1463,177,435,123,154,0,Large Urban,0,Least deprived,Least deprived,Urban
DZ00637,0,818,10,1564,5,1545,1576,1533,1544,650,1560,1320,61,43,5,Other Urban,0,Least deprived,Third,Urban
DZ00440,0,753,2,250,1,289,251,228,116,1448,70,1054,280,156,13.33,Other Urban,0,Most deprived,Least deprived,Urban
DZ00126,0,1133,4,489,2,550,664,347,709,146,1452,1479,152,103,27.78,Remote Rural,0,Second,Most deprived,Rural
DZ00493,0,763,9,1371,5,1493,1541,1052,1334,349,1187,1521,47,43,4,Accessible Rural,0,Least deprived,Second,Rural
DZ01518,0,925,7,1045,4,1160,1137,866,1281,276,1096,1355,54,64,6.25,Remote Rural,0,Fourth,Most deprived,Rural
DZ00655,0,731,9,1358,5,1469,912,1175,1304,1117,1478,1408,41,163,6.67,Other Urban,0,Least deprived,Fourth,Urban
DZ01478,0,803,4,592,2,796,1067,605,132,223,1486,497,47,187,14.81,Remote Rural,0,Third,Most deprived,Rural
DZ01306,0,760,6,852,3,1144,1192,642,997,98,862,1417,63,111,14.29,Accessible Rural,0,Fourth,Most deprived,Rural
DZ01026,0,929,10,1574,5,1571,1527,1584,1553,1090,605,1327,45,37,3.57,Accessible Small Towns,0,Least deprived,Fourth,Urban
DZ00144,0,900,10,1562,5,1587,1303,1559,1350,1491,995,1400,86,69,3.7,Other Urban,0,Least deprived,Least deprived,Urban
DZ00450,0,804,7,1041,4,1234,876,789,1105,836,1029,887,161,69,12.5,Accessible Small Towns,0,Fourth,Third,Urban
DZ00328,0,693,2,241,1,257,342,164,240,609,1069,423,128,348,33.33,Accessible Small Towns,0,Most deprived,Second,Urban
DZ00436,0,885,10,1582,5,1581,1561,1586,1426,1273,1448,1031,47,32,0,Large Urban,0,Least deprived,Fourth,Urban
DZ01181,0,734,9,1384,5,1363,1450,1195,1516,953,1059,500,66,50,0,Large Urban,0,Least deprived,Third,Urban
DZ01414,0,700,10,1588,5,1564,1538,1595,1596,1439,635,984,71,43,10,Large Urban,0,Least deprived,Least deprived,Urban
DZ01561,0,687,2,302,1,547,96,465,192,259,325,626,195,228,10.53,Remote Rural,0,Second,Most deprived,Rural
DZ00277,0,809,6,902,3,869,948,1044,358,1120,1117,980,117,252,11.11,Other Urban,0,Third,Fourth,Urban
DZ01329,0,660,7,1075,4,1099,1268,887,1256,718,374,1447,121,133,0,Large Urban,0,Fourth,Third,Urban
DZ00773,0,854,7,1020,4,1021,535,1341,605,1310,371,428,181,129,3.85,Large Urban,0,Fourth,Least deprived,Urban
DZ01441,0,861,10,1495,5,1515,1394,1511,1310,247,1571,1476,74,71,0,Accessible Rural,0,Least deprived,Most deprived,Rural
DZ01228,0,537,9,1379,5,1435,1283,1246,1528,590,1027,784,86,185,5,Remote Small Towns,0,Least deprived,Second,Urban
DZ01385,0,755,2,179,1,230,119,136,424,424,675,799,193,130,4.17,Accessible Small Towns,0,Most deprived,Second,Urban
DZ00354,0,477,9,1436,5,1465,1401,1432,1366,1114,157,836,70,67,0,Large Urban,0,Least deprived,Fourth,Urban
DZ00012,0,617,2,296,1,350,344,352,546,47,566,1126,148,183,6.25,Remote Rural,0,Second,Most deprived,Rural
DZ01233,0,786,10,1510,5,1502,1563,1474,1381,333,1550,1016,59,25,4.17,Remote Small Towns,0,Least deprived,Second,Urban
DZ00059,0,650,1,138,1,210,75,152,212,357,961,194,203,727,0,Remote Rural,0,Most deprived,Second,Rural
DZ00259,0,755,5,663,3,325,827,603,1203,851,1089,1337,126,160,16.67,Other Urban,0,Second,Third,Urban
DZ00619,0,937,10,1547,5,1544,1315,1534,1488,1468,1519,986,65,50,3.57,Other Urban,0,Least deprived,Least deprived,Urban
DZ01587,0,572,10,1537,5,1529,1575,1518,1577,33,1546,1349,29,45,0,Remote Rural,0,Least deprived,Most deprived,Rural
DZ01407,0,487,9,1353,5,1157,1075,1439,1308,1478,1006,1361,88,94,11.76,Large Urban,0,Fourth,Least deprived,Urban
DZ00587,0,857,7,1042,4,1031,1272,650,831,1496,1361,726,109,141,0,Large Urban,0,Fourth,Least deprived,Urban
DZ00737,0,955,8,1171,4,992,983,1178,1343,1097,1105,890,90,195,7.14,Other Urban,0,Fourth,Fourth,Urban
DZ00356,0,820,8,1254,4,1374,1047,1261,1306,493,723,988,106,99,3.57,Large Urban,0,Least deprived,Second,Urban
DZ01005,0,731,3,407,2,432,266,422,458,1302,270,25,204,213,36.67,Large Urban,0,Second,Least deprived,Urban
DZ01382,0,582,7,984,4,759,766,1079,1037,1382,649,749,97,280,6.67,Other Urban,0,Third,Least deprived,Urban
DZ01120,0,628,8,1223,4,1245,1027,1371,1359,192,1144,1069,93,76,23.81,Remote Rural,0,Fourth,Most deprived,Rural
DZ01549,0,563,10,1463,5,1473,1478,1463,1495,65,1588,922,113,44,7.69,Remote Rural,0,Least deprived,Most deprived,Rural
DZ01593,0,618,7,1111,4,910,1506,1290,693,207,1526,1083,54,23,11.76,Remote Rural,0,Third,Most deprived,Rural
DZ00325,0,699,9,1306,5,1213,1501,1171,1454,571,560,1442,37,98,0,Remote Small Towns,0,Fourth,Second,Urban
DZ00045,0,855,7,1069,4,1090,1396,977,1128,150,1470,1235,37,32,9.52,Remote Rural,0,Fourth,Most deprived,Rural
DZ00203,0,738,7,1051,4,1147,1247,873,1319,219,974,1343,95,81,4.76,Remote Rural,0,Fourth,Most deprived,Rural
DZ01260,0,769,10,1536,5,1338,1560,1557,1503,1167,1437,822,69,29,20,Large Urban,0,Least deprived,Fourth,Urban
DZ01299,0,658,5,776,3,841,604,595,818,1073,1507,153,175,262,5.26,Large Urban,0,Third,Fourth,Urban
DZ00752,0,869,8,1258,4,1105,790,1423,1443,353,1477,1377,141,242,4.35,Large Urban,0,Fourth,Second,Urban
DZ00375,0,977,8,1138,4,1167,1432,1024,1307,135,1195,1413,78,53,3.03,Accessible Rural,0,Fourth,Most deprived,Rural
DZ00900,0,828,9,1366,5,1437,1146,1278,1364,1055,863,1494,101,75,7.41,Large Urban,0,Least deprived,Fourth,Urban
DZ01002,0,753,10,1529,5,1559,1549,1528,1429,455,787,1003,87,60,0,Other Urban,0,Least deprived,Second,Urban
DZ01023,0,886,9,1349,5,1332,1264,1170,1367,695,1551,1572,110,88,3.57,Other Urban,0,Least deprived,Third,Urban
DZ01028,0,811,9,1282,5,1034,939,1378,1500,1445,470,831,148,88,5,Accessible Small Towns,0,Fourth,Least deprived,Urban
DZ00131,0,717,8,1197,4,1148,1553,832,1451,233,1420,1256,49,31,12,Remote Rural,0,Fourth,Most deprived,Rural
DZ00002,0,725,4,484,2,562,594,511,717,2,1578,1411,107,137,20,Remote Rural,0,Second,Most deprived,Rural
DZ01100,0,460,8,1214,4,940,1362,1333,1042,1195,845,558,92,101,7.14,Large Urban,0,Third,Fourth,Urban
DZ00723,0,744,4,610,2,436,828,722,193,1374,1111,539,76,207,17.24,Other Urban,0,Second,Least deprived,Urban
DZ00281,0,848,8,1222,4,1158,1248,1472,982,136,1204,1414,104,49,16.67,Remote Rural,0,Fourth,Most deprived,Rural
DZ01327,0,673,5,772,3,954,747,538,842,963,708,796,94,132,19.05,Large Urban,0,Third,Fourth,Urban
DZ01169,0,595,3,411,2,356,207,476,476,1148,591,763,187,314,10,Large Urban,0,Second,Fourth,Urban
DZ00208,0,689,4,483,2,422,294,853,489,343,633,875,82,109,4,Remote Small Towns,0,Second,Second,Urban
DZ01486,0,872,10,1443,5,1490,1319,1504,1074,745,1010,587,77,116,0,Other Urban,0,Least deprived,Third,Urban
DZ01098,0,624,6,809,3,902,525,906,733,870,945,555,106,164,18.18,Large Urban,0,Third,Third,Urban
DZ00152,0,755,6,915,3,843,775,1036,760,890,983,1095,115,180,6.45,Other Urban,0,Third,Third,Urban
DZ00481,0,594,7,1093,4,1166,901,1267,1045,376,826,852,96,72,8.33,Accessible Rural,0,Fourth,Second,Rural
DZ00227,0,494,4,618,2,743,211,768,599,1032,202,1113,160,364,20,Large Urban,0,Third,Fourth,Urban
DZ01300,0,864,5,708,3,552,1116,719,488,1098,668,373,111,64,23.08,Large Urban,0,Second,Fourth,Urban
DZ00879,0,852,10,1542,5,1538,1496,1561,1533,821,386,1474,40,83,0,Accessible Small Towns,0,Least deprived,Third,Urban
DZ01189,0,723,6,916,3,1008,1128,765,902,771,732,313,101,132,14.29,Remote Small Towns,0,Fourth,Third,Urban
DZ01416,0,562,9,1324,5,1277,1286,1011,1536,1031,1451,994,58,50,4.35,Large Urban,0,Fourth,Fourth,Urban
DZ00319,0,541,8,1220,4,1219,905,1252,1219,780,1309,1200,71,156,0,Other Urban,0,Fourth,Third,Urban
DZ00636,0,975,10,1546,5,1573,1574,1509,1220,582,1453,1598,62,48,11.11,Large Urban,0,Least deprived,Second,Urban
DZ00810,0,911,8,1224,4,1244,832,1207,1201,1212,735,1558,121,286,6.9,Large Urban,0,Fourth,Fourth,Urban
DZ00995,0,693,9,1364,5,1352,1053,1337,1455,721,1516,713,101,237,0,Accessible Small Towns,0,Least deprived,Third,Urban
DZ00594,0,737,2,227,1,349,141,177,158,1146,241,700,298,341,16.67,Large Urban,0,Second,Fourth,Urban
DZ00936,0,710,10,1524,5,1349,1532,1553,1504,1319,800,1080,52,46,0,Large Urban,0,Least deprived,Least deprived,Urban
DZ01594,0,635,10,1454,5,1324,1537,1537,1592,9,736,943,54,36,25,Remote Rural,0,Least deprived,Most deprived,Rural
DZ00614,0,521,10,1482,5,1294,1296,1526,1440,954,1485,1467,97,60,0,Other Urban,0,Least deprived,Third,Urban
DZ00264,0,903,10,1469,5,1271,1493,1485,1462,547,1577,1161,37,101,6.9,Large Urban,0,Fourth,Second,Urban
DZ01229,0,573,6,842,3,928,457,1248,530,377,1022,732,119,252,5.88,Accessible Small Towns,0,Third,Second,Urban
DZ00455,0,1084,6,888,3,1130,1068,1005,995,89,257,880,123,73,20.83,Accessible Rural,0,Fourth,Most deprived,Rural
DZ00880,0,704,10,1551,5,1536,1557,1577,1558,147,1512,1415,59,48,15,Remote Rural,0,Least deprived,Most deprived,Rural
DZ01567,0,601,9,1373,5,1287,1462,1417,1115,1081,776,1311,158,86,44.44,Other Urban,0,Least deprived,Fourth,Urban
DZ00922,0,646,10,1584,5,1574,1572,1544,1588,997,1564,1523,57,38,4,Other Urban,0,Least deprived,Fourth,Urban
DZ00869,0,763,8,1131,4,1320,1029,954,854,564,1466,1419,82,103,8.33,Other Urban,0,Least deprived,Second,Urban
DZ00576,0,734,6,897,3,842,693,1034,994,328,1349,1483,101,87,38.1,Accessible Rural,0,Third,Second,Rural
DZ01040,0,1003,7,983,4,1116,1169,773,1298,195,743,1512,58,34,24.32,Remote Rural,0,Fourth,Most deprived,Rural
DZ00217,0,595,2,293,1,306,300,145,482,918,1062,339,114,171,11.76,Accessible Small Towns,0,Most deprived,Third,Urban
DZ00848,0,844,9,1408,5,1492,1446,1349,1356,558,597,867,43,73,6.67,Large Urban,0,Least deprived,Second,Urban
DZ00635,0,687,4,638,2,679,911,525,665,798,493,475,73,89,4.76,Large Urban,0,Third,Third,Urban
DZ01160,0,685,4,623,2,533,731,596,1083,176,1254,1170,102,59,18.18,Remote Rural,0,Second,Most deprived,Rural
DZ01337,0,811,10,1572,5,1558,1592,1566,1560,729,928,1358,46,20,0,Large Urban,0,Least deprived,Third,Urban
DZ01133,0,917,1,107,1,328,98,69,56,1308,82,35,216,137,25,Large Urban,0,Second,Least deprived,Urban
DZ01239,0,816,10,1444,5,1479,1431,1424,1113,398,1557,1431,56,48,3.7,Remote Rural,0,Least deprived,Second,Rural
DZ01504,0,649,4,633,2,598,398,827,445,1102,797,684,168,207,22.22,Accessible Small Towns,0,Second,Fourth,Urban
DZ01540,0,685,8,1155,4,1177,1400,903,877,1387,1200,334,114,73,0,Other Urban,0,Fourth,Least deprived,Urban
DZ00344,0,519,8,1153,4,1063,1392,1073,1098,1362,131,1269,82,46,12.5,Large Urban,0,Fourth,Least deprived,Urban
DZ00860,0,995,10,1445,5,1504,1322,1478,946,1016,882,1351,79,95,0,Large Urban,0,Least deprived,Fourth,Urban
DZ00851,0,746,9,1370,5,1404,1037,1350,1317,1337,952,1168,213,143,0,Large Urban,0,Least deprived,Least deprived,Urban
DZ00837,0,560,2,299,1,296,516,202,285,777,358,1105,87,363,4.35,Other Urban,0,Most deprived,Third,Urban
DZ00984,0,711,6,922,3,1013,857,952,899,575,678,974,134,153,19.35,Other Urban,0,Fourth,Second,Urban
DZ00083,0,695,4,523,2,756,557,421,651,173,1171,1178,133,80,20.83,Remote Rural,0,Third,Most deprived,Rural
DZ00612,0,655,9,1342,5,1184,1373,1488,1383,759,260,524,82,81,3.12,Other Urban,0,Fourth,Third,Urban
DZ00671,0,845,9,1331,5,1378,1159,1149,1023,1575,1333,934,130,125,0,Large Urban,0,Least deprived,Least deprived,Urban
DZ01307,0,606,10,1502,5,1491,1529,1418,1517,304,1561,1149,44,25,5.88,Accessible Rural,0,Least deprived,Most deprived,Rural
DZ00960,0,1111,4,529,2,912,628,527,347,23,1499,941,125,84,20.45,Remote Rural,0,Third,Most deprived,Rural
DZ00413,0,844,8,1179,4,981,1261,1230,1501,292,1013,1262,40,60,3.33,Remote Rural,0,Fourth,Most deprived,Rural
DZ00437,0,794,10,1538,5,1505,1290,1546,1556,731,1493,1505,77,60,3.57,Large Urban,0,Least deprived,Third,Urban
DZ00827,0,666,3,422,2,568,695,258,238,699,869,1078,108,93,19.05,Other Urban,0,Second,Third,Urban
DZ00338,0,885,10,1522,5,1530,1504,1373,1574,813,1186,1389,58,43,4,Other Urban,0,Least deprived,Third,Urban
DZ00145,0,721,10,1526,5,1511,1492,1393,1327,1548,1534,1498,75,93,0,Other Urban,0,Least deprived,Least deprived,Urban
DZ00111,0,971,8,1139,4,1068,1018,1408,443,1048,1107,1012,90,66,0,Other Urban,0,Fourth,Fourth,Urban
DZ00663,0,708,4,499,2,712,474,381,255,1299,416,375,155,197,17.39,Large Urban,0,Third,Least deprived,Urban
DZ00361,0,460,10,1591,5,1557,1577,1598,1600,312,817,1599,56,46,0,Remote Rural,0,Least deprived,Most deprived,Rural
DZ00410,0,744,6,917,3,1016,1142,779,848,373,1116,1451,101,121,7.41,Accessible Small Towns,0,Fourth,Second,Urban
DZ00225,0,765,9,1434,5,1358,1345,1510,1060,1480,766,360,66,109,0,Large Urban,0,Least deprived,Least deprived,Urban
DZ01032,0,914,3,451,2,551,815,542,332,156,384,945,155,118,6.9,Accessible Rural,0,Second,Most deprived,Rural
DZ00668,0,563,2,201,1,285,210,149,277,1087,36,537,171,220,29.41,Large Urban,0,Most deprived,Fourth,Urban
DZ00331,0,881,6,952,3,1004,722,1062,1018,846,209,669,121,239,17.65,Remote Small Towns,0,Fourth,Third,Urban
DZ00896,0,693,5,678,3,709,479,434,749,1526,993,968,122,186,7.14,Large Urban,0,Third,Least deprived,Urban
DZ00143,0,668,10,1500,5,1532,1219,1414,1151,1540,1411,1455,109,97,26.32,Other Urban,0,Least deprived,Least deprived,Urban
DZ00232,0,761,6,843,3,678,1010,712,930,1338,1012,295,97,48,12.5,Large Urban,0,Third,Least deprived,Urban
DZ01519,0,763,8,1133,4,923,1514,978,1152,366,1570,1053,74,24,25,Remote Rural,0,Third,Second,Rural
DZ01232,0,906,8,1129,4,1033,1205,1180,1384,407,677,427,104,119,15.38,Remote Small Towns,0,Fourth,Second,Urban
DZ01033,0,618,6,805,3,569,1381,833,1049,238,738,1500,87,23,23.08,Remote Rural,0,Second,Most deprived,Rural
DZ00613,0,701,9,1325,5,1377,1149,1310,1296,687,1280,764,77,127,4.17,Other Urban,0,Least deprived,Third,Urban
DZ01256,0,698,10,1519,5,1456,1453,1419,1568,1458,1079,1394,78,59,5,Large Urban,0,Least deprived,Least deprived,Urban
DZ00488,0,728,4,598,2,553,787,559,741,499,872,336,113,71,33.33,Accessible Rural,0,Second,Second,Rural
DZ01103,0,904,10,1509,5,1416,1570,1496,1137,1075,1471,1308,33,109,4.55,Other Urban,0,Least deprived,Fourth,Urban
DZ01480,0,833,6,914,3,798,885,1293,1093,69,825,1195,85,44,14.29,Remote Rural,0,Third,Most deprived,Rural
DZ00158,0,883,6,808,3,825,909,756,706,920,833,825,93,126,25.58,Accessible Small Towns,0,Third,Third,Urban
DZ00732,0,726,8,1209,4,1319,779,1203,806,1313,1278,805,86,174,0,Large Urban,0,Least deprived,Least deprived,Urban
DZ00084,0,940,8,1252,4,1390,988,1361,1149,283,1198,1317,126,84,10,Remote Rural,0,Least deprived,Most deprived,Rural
DZ00088,0,598,5,730,3,880,953,869,798,138,425,972,77,74,30,Remote Rural,0,Third,Most deprived,Rural
DZ01096,0,889,10,1476,5,1481,1259,1507,1072,1217,1368,1050,49,48,0,Large Urban,0,Least deprived,Fourth,Urban
DZ00750,0,762,10,1475,5,1450,1562,1090,1396,1429,1581,1047,60,37,15.38,Large Urban,0,Least deprived,Least deprived,Urban
DZ00985,0,854,10,1573,5,1585,1552,1569,1496,1110,986,527,51,28,0,Other Urban,0,Least deprived,Fourth,Urban
DZ01135,0,862,8,1249,4,1293,1347,1196,792,1250,850,800,64,117,0,Large Urban,0,Least deprived,Fourth,Urban
DZ01481,0,645,10,1561,5,1561,1586,1579,1403,51,1598,1396,32,18,0,Accessible Rural,0,Least deprived,Most deprived,Rural
DZ00342,0,971,6,925,3,1154,812,767,928,706,647,953,114,74,12.5,Large Urban,0,Fourth,Third,Urban
DZ00183,0,867,10,1540,5,1569,1547,1543,1212,805,1249,865,98,52,3.45,Other Urban,0,Least deprived,Third,Urban
DZ01588,0,1053,10,1592,5,1599,1573,1549,1584,59,1596,1571,32,44,2.86,Remote Rural,0,Least deprived,Most deprived,Rural
DZ01550,0,678,7,1063,4,1298,1366,1091,949,28,879,1037,77,34,5.56,Remote Rural,0,Least deprived,Most deprived,Rural
DZ01278,0,557,7,972,4,1044,962,1037,1024,235,1102,1233,88,73,7.69,Remote Rural,0,Fourth,Most deprived,Rural
DZ01109,0,902,8,1156,4,1254,1316,915,1171,533,1072,1469,56,87,0,Remote Small Towns,0,Fourth,Second,Urban
DZ00641,0,1136,8,1274,4,1399,1241,1238,1150,360,1273,1425,60,38,6.25,Accessible Small Towns,0,Least deprived,Second,Urban
DZ00673,0,886,7,1047,4,1070,1058,1286,623,569,914,134,91,47,10,Large Urban,0,Fourth,Second,Urban
DZ01273,0,929,9,1400,5,1243,1284,1455,1511,764,840,1437,132,44,17.86,Remote Small Towns,0,Fourth,Third,Urban
DZ01363,0,647,5,749,3,774,291,1111,551,522,1153,698,123,172,21.05,Other Urban,0,Third,Second,Urban
DZ01191,0,771,7,971,4,1065,1092,724,1085,670,989,503,119,95,14.29,Remote Small Towns,0,Fourth,Third,Urban
DZ00049,0,927,9,1390,5,1308,1461,1494,1541,79,893,1063,41,51,9.52,Remote Rural,0,Least deprived,Most deprived,Rural
DZ00814,0,772,8,1189,4,1207,1481,1019,1244,512,672,914,77,50,3.45,Large Urban,0,Fourth,Second,Urban
DZ00252,0,733,3,414,2,524,596,408,555,73,1270,281,97,176,20,Remote Rural,0,Second,Most deprived,Rural
DZ00672,0,813,10,1453,5,1466,1214,1384,1386,960,1558,809,120,142,0,Large Urban,0,Least deprived,Third,Urban
DZ00170,0,565,8,1202,4,1313,1028,1199,1336,267,853,1390,55,61,4.55,Remote Rural,0,Least deprived,Most deprived,Rural
DZ01277,0,863,2,307,1,451,360,325,396,119,409,737,157,109,38.89,Remote Rural,0,Second,Most deprived,Rural
DZ01559,0,596,8,1192,4,1189,879,1250,1482,193,1431,1064,68,73,9.52,Remote Rural,0,Fourth,Most deprived,Rural
DZ01354,0,693,9,1308,5,1426,1483,1050,1391,351,1194,780,69,32,8,Remote Small Towns,0,Least deprived,Second,Urban
DZ00999,0,912,6,931,3,814,673,1058,862,700,1356,1274,130,93,12.12,Remote Small Towns,0,Third,Third,Urban
DZ01316,0,717,2,301,1,298,566,429,337,97,289,971,144,149,30,Remote Rural,0,Most deprived,Most deprived,Rural
DZ01525,0,701,10,1541,5,1527,1558,1570,1434,566,683,1534,60,42,9.52,Other Urban,0,Least deprived,Second,Urban
DZ01020,0,888,2,268,1,204,357,392,320,1126,46,2,171,216,10,Large Urban,0,Most deprived,Fourth,Urban
DZ01373,0,760,9,1328,5,1192,1233,1259,1382,1493,887,1281,104,41,0,Large Urban,0,Fourth,Least deprived,Urban
DZ00402,0,797,10,1568,5,1591,1555,1554,1578,43,1552,1496,52,47,0,Remote Rural,0,Least deprived,Most deprived,Rural
DZ01118,0,968,8,1177,4,881,1360,1314,1470,263,851,1129,33,46,15.22,Remote Rural,0,Third,Most deprived,Rural
DZ00548,0,651,5,681,3,788,947,369,720,1228,590,861,101,93,6.25,Large Urban,0,Third,Fourth,Urban
DZ00914,0,785,6,862,3,839,797,760,1168,495,1199,1085,151,117,16,Accessible Small Towns,0,Third,Second,Urban
DZ01166,0,794,5,661,3,808,488,541,751,854,1046,253,124,166,7.69,Large Urban,0,Third,Third,Urban
DZ01151,0,792,10,1479,5,1471,1485,1388,1322,975,1362,1546,87,87,0,Accessible Small Towns,0,Least deprived,Fourth,Urban
DZ01598,0,731,9,1420,5,1443,1421,1495,1288,334,1327,222,72,61,7.41,Remote Rural,0,Least deprived,Second,Rural
DZ01043,0,675,10,1549,5,1580,1437,1574,1131,797,1576,297,83,60,0,Large Urban,0,Least deprived,Third,Urban
DZ00870,0,831,4,559,2,676,476,491,267,1278,860,771,118,146,9.09,Other Urban,0,Third,Fourth,Urban
DZ00716,0,762,8,1195,4,1203,760,1303,1146,862,1230,574,116,190,28.57,Other Urban,0,Fourth,Third,Urban
DZ00185,0,766,10,1553,5,1525,1590,1575,1499,470,661,1132,54,43,4.76,Large Urban,0,Least deprived,Second,Urban
DZ00369,0,776,8,1246,4,1211,880,1275,1491,539,1337,271,63,44,0,Accessible Small Towns,0,Fourth,Second,Urban
DZ00053,0,613,5,798,3,942,674,1029,859,142,1141,355,121,125,33.33,Remote Rural,0,Third,Most deprived,Rural
DZ00062,0,989,10,1496,5,1489,1567,1437,1285,315,1583,1189,42,62,9.68,Accessible Rural,0,Least deprived,Most deprived,Rural
DZ00113,0,902,9,1317,5,1360,1480,1194,918,1024,940,1519,57,60,3.7,Other Urban,0,Least deprived,Fourth,Urban
DZ01111,0,882,6,834,3,652,1309,730,1135,350,1210,565,84,89,17.39,Accessible Rural,0,Third,Second,Rural
DZ01240,0,802,10,1488,5,1446,1568,1491,1507,96,1503,1073,37,57,8,Remote Rural,0,Least deprived,Most deprived,Rural
DZ00444,0,932,4,622,2,906,307,536,953,130,1264,1511,216,248,17.95,Accessible Rural,0,Third,Most deprived,Rural
DZ00244,0,726,4,639,2,645,666,1097,225,141,1494,568,105,85,9.52,Remote Rural,0,Third,Most deprived,Rural
DZ00033,0,758,10,1535,5,1434,1333,1562,1369,1514,1429,1526,90,68,0,Other Urban,0,Least deprived,Least deprived,Urban
DZ00942,0,642,8,1142,4,1222,897,964,1269,1203,611,1427,115,83,0,Other Urban,0,Fourth,Fourth,Urban
DZ01180,0,758,10,1556,5,1506,1587,1548,1526,861,1430,603,38,50,9.38,Large Urban,0,Least deprived,Third,Urban
DZ00681,0,632,10,1517,5,1482,1427,1572,1502,364,1172,774,53,56,13.79,Accessible Small Towns,0,Least deprived,Second,Urban
DZ00151,0,572,7,1091,4,978,1143,885,1388,1381,471,643,116,27,10.53,Large Urban,0,Fourth,Least deprived,Urban
DZ00500,0,936,5,699,3,619,1031,799,513,1248,106,205,64,97,12,Other Urban,0,Second,Fourth,Urban
DZ00093,0,707,7,1046,4,1042,1136,1328,1056,236,342,340,59,69,0,Remote Small Towns,0,Fourth,Most deprived,Urban
DZ00125,0,784,6,851,3,1267,921,690,972,45,1403,279,150,114,3.03,Remote Rural,0,Fourth,Most deprived,Rural
DZ01449,0,731,7,1090,4,1027,1106,1075,1235,1327,145,406,62,103,10,Large Urban,0,Fourth,Least deprived,Urban
DZ00171,0,634,9,1383,5,1355,1260,1421,1399,323,1543,1140,59,67,5.26,Remote Rural,0,Least deprived,Second,Rural
DZ01134,0,718,2,283,1,310,658,139,224,1546,6,919,149,119,10,Large Urban,0,Most deprived,Least deprived,Urban
DZ01433,0,728,6,823,3,1074,875,702,939,87,1495,1278,79,120,0,Remote Rural,0,Fourth,Most deprived,Rural
DZ01035,0,638,6,926,3,1239,563,919,510,1100,810,476,129,180,9.09,Accessible Small Towns,0,Fourth,Fourth,Urban
DZ00712,0,730,8,1185,4,1279,1140,1197,592,1080,1184,1025,119,80,13.64,Large Urban,0,Fourth,Fourth,Urban
DZ00169,0,777,4,611,2,554,870,685,540,181,1456,821,73,58,16.67,Remote Rural,0,Second,Most deprived,Rural
DZ01287,0,781,5,655,3,771,717,594,523,1040,670,55,146,119,8.33,Large Urban,0,Third,Fourth,Urban
DZ00400,0,911,3,431,2,513,331,407,264,1234,364,937,199,179,20.59,Other Urban,0,Second,Fourth,Urban
DZ00833,0,668,4,586,2,468,585,829,704,409,474,754,150,70,19.23,Other Urban,0,Second,Second,Urban
DZ00420,0,736,7,1015,4,1143,1071,1045,696,811,262,1294,92,146,3.85,Other Urban,0,Fourth,Third,Urban
DZ00476,0,741,7,1036,4,960,814,1202,886,996,786,657,179,210,19.35,Large Urban,0,Third,Fourth,Urban
DZ01454,0,841,10,1600,5,1600,1585,1600,1598,1417,1501,1103,51,31,0,Large Urban,0,Least deprived,Least deprived,Urban
DZ00714,0,742,8,1175,4,1114,785,1281,1015,1425,1043,785,133,139,10,Large Urban,0,Fourth,Least deprived,Urban
DZ01223,0,815,4,543,2,462,261,523,774,1421,600,611,214,205,12,Other Urban,0,Second,Least deprived,Urban
DZ00973,0,904,8,1180,4,1235,821,921,1352,1361,1345,646,97,69,18.18,Large Urban,0,Fourth,Least deprived,Urban
DZ01164,0,624,1,128,1,239,88,101,64,1451,176,212,343,133,28.57,Large Urban,0,Most deprived,Least deprived,Urban
DZ00572,0,789,3,349,2,651,237,148,437,605,512,1587,264,233,18.18,Other Urban,0,Third,Second,Urban
DZ00105,0,587,10,1503,5,1570,1231,1389,1498,728,1166,1245,58,76,4.17,Other Urban,0,Least deprived,Third,Urban
DZ00067,0,805,5,790,3,877,677,791,865,1052,360,343,120,109,8.33,Other Urban,0,Third,Fourth,Urban
DZ00004,0,664,6,959,3,924,1141,1035,1126,57,1423,1293,86,53,9.68,Remote Rural,0,Third,Most deprived,Rural
DZ01270,0,827,2,284,1,556,170,251,409,414,88,97,215,402,30.77,Accessible Small Towns,0,Second,Second,Urban
DZ01531,0,702,3,369,2,438,428,406,363,397,731,53,96,188,14.29,Other Urban,0,Second,Second,Urban
DZ00035,0,829,9,1409,5,1498,1525,1409,912,280,1386,1438,121,28,3.45,Accessible Rural,0,Least deprived,Most deprived,Rural
DZ01526,0,801,10,1452,5,1424,1250,1520,1127,1202,918,1162,41,108,0,Other Urban,0,Least deprived,Fourth,Urban
DZ00161,0,664,9,1372,5,1476,1428,1387,1430,36,1308,1323,37,34,4.17,Remote Rural,0,Least deprived,Most deprived,Rural
DZ01200,0,612,3,473,2,523,507,620,452,67,1464,316,121,242,23.53,Remote Rural,0,Second,Most deprived,Rural
DZ00162,0,565,8,1151,4,1117,890,1200,1184,417,1565,697,83,52,9.09,Remote Rural,0,Fourth,Second,Rural
DZ00332,0,600,4,505,2,589,718,643,467,174,419,1249,108,74,25,Remote Rural,0,Second,Most deprived,Rural
DZ00001,0,606,3,328,2,597,629,336,251,30,451,1284,59,112,0,Remote Rural,0,Second,Most deprived,Rural
DZ00987,0,792,10,1567,5,1549,1569,1593,1439,462,1050,1575,32,46,0,Remote Small Towns,0,Least deprived,Second,Urban
DZ00419,0,743,8,1184,4,1043,1091,1282,1254,896,543,1472,103,102,4.76,Other Urban,0,Fourth,Third,Urban
DZ00596,0,888,6,927,3,982,1175,958,456,614,1301,540,78,151,2.94,Large Urban,0,Fourth,Second,Urban
DZ00265,0,797,10,1598,5,1598,1598,1591,1542,443,1372,1406,40,59,0,Large Urban,0,Least deprived,Second,Urban
DZ01194,0,965,3,353,2,403,308,530,466,285,290,370,160,258,18.52,Remote Small Towns,0,Second,Most deprived,Urban
DZ01582,0,704,9,1440,5,1474,992,1477,1460,696,783,1332,104,42,0,Accessible Small Towns,0,Least deprived,Third,Urban
DZ00386,0,898,1,90,1,90,20,125,143,1426,536,111,451,443,22.73,Large Urban,0,Most deprived,Least deprived,Urban
DZ00840,0,799,10,1489,5,1484,1488,1556,1258,203,1014,1588,92,25,3.57,Accessible Rural,0,Least deprived,Most deprived,Rural
DZ01244,0,791,6,953,3,861,738,1038,677,1227,1030,1248,94,333,4.76,Large Urban,0,Third,Fourth,Urban
DZ00313,0,737,5,768,3,493,904,910,763,1388,417,569,166,170,28.57,Large Urban,0,Second,Least deprived,Urban
DZ00072,0,709,9,1352,5,1309,1423,1297,1262,860,1424,492,36,56,5.26,Other Urban,0,Least deprived,Third,Urban
DZ01080,0,974,6,904,3,963,1189,913,604,293,1364,1470,67,49,5.56,Remote Rural,0,Third,Most deprived,Rural
DZ01446,0,973,8,1213,4,1336,1378,899,1021,1045,984,1223,58,31,6.9,Other Urban,0,Least deprived,Fourth,Urban
DZ00333,0,874,10,1531,5,1528,1594,1498,1432,171,1556,1340,49,39,4.17,Remote Rural,0,Least deprived,Most deprived,Rural
DZ00821,0,834,6,856,3,1212,908,619,815,591,435,644,83,105,5,Other Urban,0,Fourth,Second,Urban
DZ00454,0,746,7,1094,4,957,930,1302,1223,268,1459,870,85,66,18.52,Accessible Rural,0,Third,Most deprived,Rural
DZ00683,0,759,5,775,3,729,709,922,869,491,644,960,65,196,13.79,Other Urban,0,Third,Second,Urban
DZ00998,0,745,5,676,3,744,733,495,1253,391,254,1304,126,107,10,Accessible Small Towns,0,Third,Second,Urban
DZ00048,0,986,5,710,3,741,1088,557,911,274,1061,958,56,46,10.26,Remote Rural,0,Third,Most deprived,Rural
DZ00597,0,823,9,1369,5,1322,1253,1215,1450,1334,908,1487,70,66,4.17,Other Urban,0,Least deprived,Least deprived,Urban
DZ01447,0,666,9,1350,5,1503,1212,1095,1428,924,422,1398,94,50,5.26,Other Urban,0,Least deprived,Third,Urban
DZ00677,0,993,9,1411,5,1384,1335,1332,1487,904,956,1449,97,86,10,Other Urban,0,Least deprived,Third,Urban
DZ00235,0,685,6,928,3,966,682,880,1008,1199,658,834,144,145,10,Large Urban,0,Fourth,Fourth,Urban
DZ01377,0,721,7,1080,4,1142,1274,846,1236,428,1118,1160,69,61,13.64,Large Urban,0,Fourth,Second,Urban
DZ00370,0,860,8,1127,4,986,1331,1241,1333,410,321,454,72,94,22.22,Remote Small Towns,0,Fourth,Second,Urban
DZ00838,0,661,8,1221,4,1190,1222,1355,1108,482,878,826,99,109,0,Accessible Small Towns,0,Fourth,Second,Urban
DZ00562,0,745,9,1401,5,1488,1332,1390,1027,589,1268,1509,96,50,8.33,Accessible Rural,0,Least deprived,Second,Rural
DZ01445,0,613,4,553,2,535,649,696,354,926,152,964,76,214,18.18,Other Urban,0,Second,Third,Urban
DZ00925,0,606,3,445,2,387,318,371,552,1419,432,772,148,230,18.75,Large Urban,0,Second,Least deprived,Urban
DZ01575,0,748,1,149,1,178,49,156,186,1219,794,239,173,302,15.38,Other Urban,0,Most deprived,Fourth,Urban
DZ00895,0,641,6,829,3,675,855,818,858,1311,764,924,86,227,17.65,Large Urban,0,Third,Least deprived,Urban
DZ00521,0,962,8,1277,4,1410,1085,1397,1172,240,747,1554,63,57,7.69,Remote Rural,0,Least deprived,Most deprived,Rural
DZ00172,0,970,3,410,2,512,767,266,533,264,1067,731,151,114,22.22,Remote Rural,0,Second,Most deprived,Rural
DZ00546,0,887,8,1247,4,1357,887,993,1179,1444,1521,387,120,102,11.11,Large Urban,0,Least deprived,Least deprived,Urban
DZ01145,0,737,4,496,2,478,383,658,535,739,426,87,136,190,20.83,Accessible Small Towns,0,Second,Third,Urban
DZ01568,0,691,4,594,2,695,1002,563,663,287,515,221,98,98,20.83,Other Urban,0,Third,Most deprived,Urban
DZ00110,0,862,4,596,2,612,1008,683,138,932,632,516,114,56,11.11,Other Urban,0,Second,Third,Urban
DZ00911,0,460,9,1387,5,1249,1425,1450,1431,631,897,1013,82,105,14.29,Other Urban,0,Fourth,Second,Urban
DZ01116,0,559,8,1275,4,1415,1456,1190,1088,217,1113,1584,63,48,0,Remote Rural,0,Least deprived,Most deprived,Rural
DZ01455,0,950,10,1593,5,1593,1588,1585,1557,785,1425,1446,59,43,0,Large Urban,0,Least deprived,Third,Urban
DZ01187,0,953,8,1243,4,1216,1356,1085,1321,457,1426,1076,62,31,20,Accessible Rural,0,Fourth,Second,Rural
DZ00639,0,748,5,743,3,985,490,836,434,973,433,690,145,300,4.35,Other Urban,0,Fourth,Fourth,Urban
DZ00771,0,829,10,1544,5,1516,989,1552,1576,1384,1544,847,126,99,2.78,Large Urban,0,Least deprived,Least deprived,Urban
DZ00749,0,714,7,973,4,921,1044,976,671,1366,526,962,52,78,8.82,Large Urban,0,Third,Least deprived,Urban
DZ00805,0,878,7,1087,4,1238,685,1066,840,1487,584,468,108,115,5.26,Large Urban,0,Fourth,Least deprived,Urban
DZ00003,0,829,4,624,2,1045,449,726,573,63,846,470,106,143,17.24,Remote Rural,0,Fourth,Most deprived,Rural
DZ01571,0,854,3,480,2,764,393,280,687,562,804,247,124,89,18.18,Other Urban,0,Third,Second,Urban
DZ01325,0,673,5,752,3,769,564,996,364,1163,382,1253,132,171,19.23,Large Urban,0,Third,Fourth,Urban
DZ00104,0,628,10,1597,5,1596,1554,1590,1597,477,1335,1299,52,32,0,Other Urban,0,Least deprived,Second,Urban
DZ01546,0,771,6,806,3,834,961,806,1272,382,90,903,180,159,5.56,Remote Small Towns,0,Third,Second,Urban
DZ01279,0,771,9,1405,5,1486,1249,1399,1463,179,1533,695,69,38,0,Remote Rural,0,Least deprived,Most deprived,Rural
DZ01271,0,668,7,1003,4,669,1132,1105,1291,770,480,876,81,66,9.52,Remote Small Towns,0,Third,Third,Urban
DZ00218,0,716,1,83,1,70,143,86,88,1201,223,266,105,598,21.74,Accessible Small Towns,0,Most deprived,Fourth,Urban
DZ01042,0,699,9,1380,5,1362,1257,1377,1111,842,1540,1486,89,120,8,Large Urban,0,Least deprived,Third,Urban
DZ00324,0,547,7,1035,4,1247,667,1257,1066,126,789,1155,188,230,15,Remote Rural,0,Fourth,Most deprived,Rural
DZ00202,0,1057,4,554,2,691,528,710,525,122,706,1475,163,109,33.33,Remote Rural,0,Third,Most deprived,Rural
DZ01059,0,533,4,511,2,677,175,547,521,1174,428,408,260,211,23.53,Large Urban,0,Third,Fourth,Urban
DZ01566,0,708,10,1487,5,1459,1294,1459,1514,1033,1291,484,121,78,0,Other Urban,0,Least deprived,Fourth,Urban
DZ00603,0,873,6,890,3,1080,917,447,1186,1456,465,398,55,236,17.39,Accessible Small Towns,0,Fourth,Least deprived,Urban
DZ01514,0,871,10,1533,5,1566,1564,1571,1224,108,1243,1576,46,32,24.24,Remote Rural,0,Least deprived,Most deprived,Rural
DZ00076,0,938,4,556,2,633,465,590,356,863,522,1412,147,117,23.53,Other Urban,0,Second,Third,Urban
DZ01528,0,721,10,1552,5,1534,1565,1523,1575,752,1005,949,38,55,7.14,Other Urban,0,Least deprived,Third,Urban
DZ01247,0,648,5,660,3,951,522,520,355,1295,401,1371,214,262,9.09,Large Urban,0,Third,Least deprived,Urban
DZ00917,0,492,9,1428,5,1129,1499,1447,1425,877,1508,1243,84,42,0,Accessible Small Towns,0,Fourth,Third,Urban
DZ00210,0,486,7,1079,4,1232,1165,968,1176,348,867,942,102,175,10.53,Remote Small Towns,0,Fourth,Second,Urban
DZ00460,0,532,7,977,4,1137,843,1025,1043,399,357,1143,218,169,27.27,Other Urban,0,Fourth,Second,Urban
DZ01590,0,620,8,1278,4,1461,1229,1258,1521,84,510,740,123,83,29.41,Remote Rural,0,Least deprived,Most deprived,Rural
DZ00044,0,865,6,824,3,874,582,1101,897,117,1325,1383,119,99,6.67,Remote Rural,0,Third,Most deprived,Rural
DZ01600,0,890,4,485,2,703,825,444,776,3,1279,536,51,159,10.53,Remote Rural,0,Third,Most deprived,Rural
DZ01535,0,568,4,632,2,933,612,556,655,715,97,578,115,93,20,Other Urban,0,Third,Third,Urban
DZ01448,0,778,10,1514,5,1389,1415,1508,1445,1539,1263,997,74,98,0,Large Urban,0,Least deprived,Least deprived,Urban
DZ00996,0,819,8,1211,4,1036,1534,1084,1198,487,1286,1263,96,41,0,Remote Small Towns,0,Fourth,Second,Urban
DZ01138,0,571,9,1394,5,1170,1204,1560,1228,916,849,1123,94,108,10.53,Large Urban,0,Fourth,Third,Urban
DZ00223,0,748,9,1424,5,1285,1405,1475,1377,1189,549,1145,63,61,15.79,Other Urban,0,Least deprived,Fourth,Urban
DZ00862,0,925,10,1511,5,1457,1559,1446,1476,561,1513,1006,36,37,0,Other Urban,0,Least deprived,Second,Urban
DZ01338,0,964,10,1580,5,1542,1526,1582,1566,1492,1436,717,57,68,0,Large Urban,0,Least deprived,Least deprived,Urban
DZ00720,0,631,6,896,3,885,969,927,457,787,1442,1290,92,97,13.33,Accessible Rural,0,Third,Third,Rural
DZ00198,0,862,9,1293,5,1330,1063,1382,1246,449,1365,378,98,142,0,Other Urban,0,Least deprived,Second,Urban
DZ01548,0,750,10,1590,5,1590,1595,1583,1590,208,1331,1586,33,28,0,Remote Rural,0,Least deprived,Most deprived,Rural
DZ01494,0,770,9,1289,5,1210,1466,1340,1041,757,970,758,34,30,7.69,Other Urban,0,Fourth,Third,Urban
DZ00674,0,789,9,1433,5,1430,1240,1476,1162,619,1510,1344,74,215,4.35,Large Urban,0,Least deprived,Second,Urban
DZ01081,0,460,10,1543,5,1551,1482,1539,1353,775,1515,1460,43,46,0,Other Urban,0,Least deprived,Third,Urban
DZ00755,0,779,5,778,3,707,645,708,1077,874,1071,477,122,127,13.04,Other Urban,0,Third,Third,Urban
DZ01335,0,964,5,732,3,629,233,850,675,1578,982,353,162,116,21.43,Large Urban,0,Second,Least deprived,Urban
DZ00335,0,803,9,1385,5,1341,1451,1454,1282,332,1311,1271,126,131,14.29,Accessible Rural,0,Least deprived,Second,Rural
DZ00889,0,696,6,816,3,574,630,900,905,1469,1087,538,73,69,19.05,Large Urban,0,Second,Least deprived,Urban
DZ01089,0,809,6,943,3,974,846,909,866,957,684,1395,165,118,14.71,Large Urban,0,Fourth,Third,Urban
DZ00499,0,500,8,1165,4,1056,881,1222,1424,936,615,761,85,171,7.14,Other Urban,0,Fourth,Third,Urban
DZ00952,0,792,5,787,3,868,774,875,816,243,1290,1187,113,119,16.13,Accessible Rural,0,Third,Most deprived,Rural
DZ01085,0,861,6,894,3,812,1145,945,805,964,532,160,99,87,17.14,Large Urban,0,Third,Fourth,Urban
DZ01067,0,799,10,1518,5,1575,1375,1426,1489,601,1180,1410,73,141,2.86,Accessible Small Towns,0,Least deprived,Second,Urban
DZ00374,0,973,8,1159,4,1347,1086,1231,1196,95,1076,838,84,50,19.44,Accessible Rural,0,Least deprived,Most deprived,Rural
DZ00906,0,727,6,880,3,1121,1038,819,286,1301,293,1231,99,101,3.85,Other Urban,0,Fourth,Least deprived,Urban
DZ01562,0,831,4,614,2,908,702,615,292,272,1131,1208,145,130,9.68,Remote Rural,0,Third,Most deprived,Rural
DZ01262,0,720,10,1554,5,1562,1545,1515,1477,1297,648,1541,54,53,6.9,Other Urban,0,Least deprived,Least deprived,Urban
DZ00700,0,820,7,1054,4,730,1009,1080,1222,1515,780,145,106,117,7.14,Other Urban,0,Third,Least deprived,Urban
DZ00398,0,656,9,1407,5,1395,1419,1299,1458,698,1326,1316,61,107,4.17,Other Urban,0,Least deprived,Third,Urban
DZ00533,0,809,9,1287,5,1334,1407,1272,1129,209,1480,1580,58,36,3.7,Accessible Rural,0,Least deprived,Most deprived,Rural
DZ00065,0,702,5,723,3,998,504,795,491,430,1025,618,133,63,9.52,Other Urban,0,Fourth,Second,Urban
DZ01374,0,934,7,985,4,1162,605,859,1209,941,657,318,117,114,6.9,Large Urban,0,Fourth,Third,Urban
DZ01252,0,904,3,321,2,222,539,222,271,1482,710,119,141,219,24.24,Large Urban,0,Most deprived,Least deprived,Urban
DZ00023,0,747,10,1473,5,1472,1519,1394,1545,82,1587,1495,78,58,0,Accessible Rural,0,Least deprived,Most deprived,Rural
DZ01142,0,983,8,1207,4,1296,1125,1183,989,1150,392,841,60,72,3.7,Large Urban,0,Least deprived,Fourth,Urban
DZ01421,0,701,9,1360,5,1455,1277,1212,1449,763,866,543,99,143,5.88,Other Urban,0,Least deprived,Third,Urban
DZ00522,0,780,8,1157,4,1174,1348,1057,1068,241,1547,1535,102,69,3.85,Accessible Rural,0,Fourth,Most deprived,Rural
DZ00657,0,869,9,1285,5,1227,763,992,1551,1483,1435,1165,109,167,17.86,Other Urban,0,Fourth,Least deprived,Urban
DZ00081,0,1013,8,1279,4,1178,1377,1165,1505,288,1438,1506,74,37,3.12,Remote Rural,0,Fourth,Most deprived,Rural
DZ00050,0,873,8,1170,4,1058,1170,1219,1338,253,1400,1478,103,126,7.69,Remote Rural,0,Fourth,Most deprived,Rural
DZ01487,0,616,10,1441,5,1385,1498,1357,1423,637,1396,1341,59,63,4.55,Other Urban,0,Least deprived,Second,Urban
DZ01024,0,712,9,1348,5,1276,1292,1316,1300,835,1498,1180,84,40,0,Other Urban,0,Fourth,Third,Urban
DZ00699,0,946,9,1381,5,1418,955,1473,1124,820,1320,1369,91,135,16.22,Other Urban,0,Least deprived,Third,Urban
DZ01555,0,999,8,1269,4,1537,963,1255,1177,34,1416,1288,115,88,0,Remote Rural,0,Least deprived,Most deprived,Rural
DZ00865,0,815,7,1038,4,926,1439,1074,876,616,444,542,50,27,10.71,Other Urban,0,Third,Second,Urban
DZ01360,0,657,10,1563,5,1592,1540,1492,1559,27,1600,1567,36,33,0,Remote Rural,0,Least deprived,Most deprived,Rural
DZ01102,0,688,8,1200,4,1032,900,1160,1295,1573,715,857,125,214,0,Large Urban,0,Fourth,Least deprived,Urban
DZ00770,0,989,8,1217,4,931,1256,1164,1232,1418,957,1560,78,110,3.12,Large Urban,0,Third,Least deprived,Urban
DZ00872,0,615,7,1001,4,1041,1194,684,742,1183,1310,1378,87,105,21.05,Other Urban,0,Fourth,Fourth,Urban
DZ00892,0,720,7,1004,4,1022,1033,931,703,1457,669,553,125,189,0,Large Urban,0,Fourth,Least deprived,Urban
DZ00772,0,589,9,1398,5,1242,1550,1404,1252,1134,570,1407,61,90,9.52,Large Urban,0,Fourth,Fourth,Urban
DZ00293,0,838,9,1388,5,1512,1255,1386,1237,134,1481,1573,38,40,3.57,Remote Rural,0,Least deprived,Most deprived,Rural
DZ00193,0,692,7,1116,4,1020,1107,1119,1373,556,1082,122,140,123,5.26,Other Urban,0,Fourth,Second,Urban
DZ01280,0,723,10,1599,5,1594,1600,1588,1582,153,1599,1565,12,25,5.26,Remote Rural,0,Least deprived,Most deprived,Rural
DZ00742,0,899,4,619,2,584,929,482,847,585,680,290,164,130,20.59,Other Urban,0,Second,Second,Urban
DZ00201,0,641,8,1204,4,1133,1386,1369,1155,53,1344,1568,55,61,10.53,Remote Rural,0,Fourth,Most deprived,Rural
DZ00883,0,782,10,1581,5,1552,1542,1578,1567,1545,1165,606,56,36,5,Other Urban,0,Least deprived,Least deprived,Urban
DZ00824,0,939,10,1525,5,1531,1414,1434,1537,1089,1203,1485,55,114,0,Other Urban,0,Least deprived,Fourth,Urban
DZ01013,0,776,4,531,2,623,481,318,609,1380,598,957,135,98,19.23,Large Urban,0,Second,Least deprived,Urban
DZ00822,0,577,8,1166,4,996,1262,1345,938,708,868,965,101,35,4.35,Other Urban,0,Fourth,Third,Urban
DZ00839,0,590,7,1106,4,1208,1131,1163,727,833,592,630,78,159,5.56,Accessible Small Towns,0,Fourth,Third,Urban
DZ01148,0,722,8,1162,4,1241,1242,1043,1225,732,542,779,99,94,7.14,Accessible Small Towns,0,Fourth,Third,Urban
DZ01199,0,985,5,758,3,758,788,771,736,308,1418,1286,115,117,10.71,Remote Rural,0,Third,Most deprived,Rural
DZ00142,0,612,8,1136,4,1168,1004,1014,1362,592,1149,860,126,151,15,Other Urban,0,Fourth,Second,Urban
DZ00204,0,643,5,650,3,977,643,501,819,198,1242,641,73,135,8.7,Remote Rural,0,Fourth,Most deprived,Rural
DZ00811,0,533,9,1417,5,1112,1220,1516,1490,1096,1088,1375,75,112,0,Large Urban,0,Fourth,Fourth,Urban
DZ01264,0,834,7,991,4,1150,971,809,900,642,772,1547,229,184,3.45,Other Urban,0,Fourth,Third,Urban
DZ01432,0,800,5,715,3,871,626,849,781,83,1257,1428,86,201,20,Remote Rural,0,Third,Most deprived,Rural
DZ00054,0,813,9,1333,5,1289,1467,1464,979,488,544,1423,55,65,6.67,Remote Small Towns,0,Least deprived,Second,Urban
DZ00403,0,697,8,1123,4,1061,1110,1330,856,475,944,1227,68,126,14.29,Accessible Rural,0,Fourth,Second,Rural
DZ01511,0,723,4,519,2,665,468,515,884,206,455,1134,80,260,22.73,Remote Rural,0,Third,Most deprived,Rural
DZ01390,0,679,2,270,1,176,224,412,160,1204,247,797,137,254,25,Accessible Small Towns,0,Most deprived,Fourth,Urban
DZ01263,0,983,9,1403,5,1444,1445,1322,1305,633,1020,1548,62,82,11.43,Other Urban,0,Least deprived,Second,Urban
DZ00192,0,595,7,1085,4,1037,910,960,731,1537,1532,970,157,167,11.11,Large Urban,0,Fourth,Least deprived,Urban
DZ01153,0,593,10,1442,5,1376,1463,1395,1524,352,1474,1473,64,80,13.64,Remote Small Towns,0,Least deprived,Second,Urban
DZ00372,0,774,5,685,3,763,414,937,990,175,603,1205,99,179,0,Accessible Rural,0,Third,Most deprived,Rural
DZ00601,0,498,9,1291,5,1312,651,1529,1017,889,547,494,119,155,0,Accessible Small Towns,0,Least deprived,Third,Urban
DZ01596,0,879,5,720,3,802,713,737,1264,183,484,460,65,97,13.64,Remote Rural,0,Third,Most deprived,Rural
DZ00090,0,997,8,1226,4,1317,1317,1325,834,127,1469,1513,79,43,0,Remote Rural,0,Least deprived,Most deprived,Rural
DZ01364,0,783,7,1025,4,875,1267,1127,977,446,634,1193,127,102,5.56,Other Urban,0,Third,Second,Urban
DZ00849,0,870,8,1237,4,1111,1413,1262,1086,1004,744,1082,94,115,13.04,Large Urban,0,Fourth,Fourth,Urban
DZ00497,0,892,9,1290,5,1122,1337,1225,1380,952,1318,1036,49,59,7.69,Other Urban,0,Fourth,Third,Urban
DZ00954,0,749,5,770,3,765,824,929,465,725,838,793,71,52,14.29,Accessible Small Towns,0,Third,Third,Urban
DZ00938,0,763,6,951,3,886,1012,834,1153,948,751,511,198,76,0,Large Urban,0,Third,Third,Urban
DZ00616,0,738,5,755,3,634,1000,581,1344,831,166,308,162,141,6.67,Other Urban,0,Second,Third,Urban
DZ00537,0,669,6,933,3,831,1030,1010,713,1164,808,335,179,62,17.65,Accessible Rural,0,Third,Fourth,Rural
DZ01146,0,830,6,950,3,835,769,1071,493,1390,997,1445,102,115,5.88,Accessible Small Towns,0,Third,Least deprived,Urban
DZ01558,0,963,8,1169,4,1214,884,1256,1217,212,1541,1453,179,127,9.52,Remote Rural,0,Fourth,Most deprived,Rural
DZ00988,0,899,8,1167,4,980,1052,1324,1180,817,1288,216,100,384,9.38,Accessible Small Towns,0,Fourth,Third,Urban
DZ00347,0,460,3,472,2,591,311,365,481,1184,492,564,231,156,20,Large Urban,0,Second,Fourth,Urban
DZ01087,0,794,9,1425,5,1442,1308,1260,1324,1585,844,493,60,52,3.45,Large Urban,0,Least deprived,Least deprived,Urban
DZ00556,0,759,5,716,3,373,1200,568,996,1404,612,714,65,54,12.9,Large Urban,0,Second,Least deprived,Urban
DZ00362,0,628,8,1215,4,1301,1162,1061,1447,327,1109,1109,124,98,5.88,Remote Rural,0,Least deprived,Second,Rural
DZ00396,0,778,10,1560,5,1582,1530,1536,1456,807,1375,701,60,60,0,Large Urban,0,Least deprived,Third,Urban
DZ01498,0,866,10,1571,5,1496,1593,1522,1581,1296,1531,938,36,31,0,Other Urban,0,Least deprived,Least deprived,Urban
DZ00207,0,621,4,620,2,637,592,435,1026,584,673,1432,90,145,20.83,Remote Small Towns,0,Second,Second,Urban
DZ00021,0,789,8,1225,4,1273,1406,1240,1089,216,1382,1329,71,51,0,Accessible Rural,0,Fourth,Most deprived,Rural
DZ00091,0,657,10,1516,5,1441,1448,1524,1587,232,1539,1330,59,55,0,Remote Rural,0,Least deprived,Most deprived,Rural
DZ00623,0,633,6,958,3,995,1302,576,371,1522,1374,1444,136,98,6.25,Large Urban,0,Fourth,Least deprived,Urban
DZ00094,0,520,7,1082,4,1012,1139,1032,1302,510,820,1352,109,83,5.26,Remote Small Towns,0,Fourth,Second,Urban
DZ01332,0,565,6,944,3,723,999,1063,922,1258,352,634,119,165,9.09,Large Urban,0,Third,Fourth,Urban
DZ01584,0,904,8,1241,4,1440,1321,718,1294,993,1201,691,91,42,0,Accessible Small Towns,0,Least deprived,Fourth,Urban
DZ01275,0,889,3,424,2,383,831,701,166,148,604,1393,87,79,18.18,Remote Rural,0,Second,Most deprived,Rural
DZ00418,0,823,9,1336,5,1521,1011,1217,919,848,1401,1244,107,329,3.03,Other Urban,0,Least deprived,Third,Urban
DZ01357,0,695,4,558,2,829,330,387,926,266,1127,1391,170,192,4.55,Remote Rural,0,Third,Most deprived,Rural
DZ01471,0,935,1,52,1,150,133,29,81,242,450,583,239,314,18.42,Remote Rural,0,Most deprived,Most deprived,Rural
DZ00919,0,688,7,1029,4,904,935,1305,570,843,619,1551,101,82,7.69,Remote Small Towns,0,Third,Third,Urban
DZ00282,0,873,10,1464,5,1445,1271,1541,1519,137,1206,1539,103,44,7.69,Remote Rural,0,Least deprived,Most deprived,Rural
DZ00305,0,465,4,636,2,575,1043,574,1010,359,387,600,77,205,0,Large Urban,0,Second,Second,Urban
DZ01065,0,691,9,1368,5,1427,1511,1244,1374,632,968,121,73,40,0,Accessible Small Towns,0,Least deprived,Second,Urban
DZ01068,0,772,6,812,3,750,725,944,716,651,1017,1260,82,88,22.22,Accessible Small Towns,0,Third,Third,Urban
DZ00452,0,619,5,794,3,987,556,796,1051,329,998,895,144,122,28.57,Accessible Rural,0,Fourth,Second,Rural
DZ01220,0,789,10,1451,5,1462,1006,1412,1459,1321,1097,1309,100,93,3.85,Large Urban,0,Least deprived,Least deprived,Urban
DZ00731,0,1009,4,585,2,854,501,416,730,362,1125,670,162,96,9.09,Large Urban,0,Third,Second,Urban
DZ00760,0,693,6,876,3,1088,1039,754,648,311,1432,1070,67,70,5,Accessible Rural,0,Fourth,Most deprived,Rural
DZ01361,0,702,10,1501,5,1567,1503,1139,1486,971,1086,1559,79,68,5.56,Other Urban,0,Least deprived,Fourth,Urban
DZ00955,0,602,7,1100,4,1237,1148,1126,898,374,665,1381,97,108,0,Accessible Small Towns,0,Fourth,Second,Urban
DZ01314,0,815,6,960,3,1141,781,940,1029,733,313,300,125,77,0,Remote Small Towns,0,Fourth,Third,Urban
DZ01156,0,785,3,423,2,627,185,693,435,29,1016,1213,151,165,11.11,Remote Rural,0,Second,Most deprived,Rural
DZ00739,0,809,7,1118,4,1169,1160,1060,1101,779,626,1028,72,73,23.33,Other Urban,0,Fourth,Third,Urban
DZ00711,0,619,8,1154,4,1139,1151,1022,978,1565,627,531,85,99,0,Large Urban,0,Fourth,Least deprived,Urban
DZ00355,0,774,8,1253,4,1257,773,1201,1409,1051,1303,812,81,182,5.26,Large Urban,0,Fourth,Fourth,Urban
DZ00502,0,621,1,68,1,71,157,28,217,1200,226,60,197,229,11.11,Large Urban,0,Most deprived,Fourth,Urban
DZ00031,0,779,6,885,3,1018,837,983,721,525,307,1462,75,107,8.33,Other Urban,0,Fourth,Second,Urban
DZ00146,0,589,10,1512,5,1467,1424,1531,1515,774,729,1216,39,68,0,Large Urban,0,Least deprived,Third,Urban
DZ00943,0,834,8,1137,4,1337,972,1046,875,682,1189,686,102,150,2.86,Other Urban,0,Least deprived,Third,Urban
DZ00494,0,857,8,1231,4,1176,1202,1430,970,324,1146,1507,85,78,3.23,Accessible Rural,0,Fourth,Second,Rural
DZ01008,0,747,4,528,2,628,571,470,421,1574,32,22,84,126,36,Large Urban,0,Second,Least deprived,Urban
DZ00774,0,761,5,800,3,641,715,1012,879,1133,312,317,270,151,25,Large Urban,0,Second,Fourth,Urban
DZ00800,0,858,6,855,3,791,632,1104,1114,132,1346,1384,70,150,8,Accessible Rural,0,Third,Most deprived,Rural
DZ00923,0,794,10,1577,5,1584,1583,1563,1564,528,1295,878,50,115,0,Large Urban,0,Least deprived,Second,Urban
DZ01066,0,1032,9,1327,5,1400,1120,1065,1415,844,1455,1538,166,48,3.57,Accessible Small Towns,0,Least deprived,Third,Urban
DZ00830,0,567,5,705,3,700,1024,507,637,1108,734,830,144,116,6.25,Other Urban,0,Third,Fourth,Urban
DZ00903,0,667,7,967,4,962,1258,664,1019,1279,327,975,79,64,10.34,Other Urban,0,Third,Fourth,Urban
DZ01221,0,972,10,1468,5,1519,1090,1276,1473,1326,1307,1581,177,73,0,Large Urban,0,Least deprived,Least deprived,Urban
DZ00559,0,620,4,550,2,674,282,532,1249,513,49,324,223,252,11.11,Other Urban,0,Third,Second,Urban
DZ01319,0,967,9,1435,5,1533,1351,1443,1247,172,1406,1322,59,72,2.27,Remote Rural,0,Least deprived,Most deprived,Rural
DZ00106,0,698,6,822,3,1118,872,592,807,742,696,551,93,49,3.7,Other Urban,0,Fourth,Third,Urban
DZ01599,0,783,10,1508,5,1535,1582,1363,1379,106,1594,1490,41,43,6.9,Remote Rural,0,Least deprived,Most deprived,Rural
DZ00966,0,809,4,561,2,506,448,749,314,829,936,882,135,107,15.38,Large Urban,0,Second,Third,Urban
DZ01405,0,875,10,1474,5,1453,1580,1326,1421,565,1465,452,29,34,0,Other Urban,0,Least deprived,Second,Urban
DZ01115,0,911,3,334,2,404,944,320,218,245,346,925,106,70,11.43,Remote Rural,0,Second,Most deprived,Rural
DZ01324,0,850,9,1343,5,1303,1323,1396,1188,712,1216,1035,54,99,5.56,Large Urban,0,Least deprived,Third,Urban
DZ00032,0,862,7,987,4,1096,794,987,1028,794,391,991,130,71,13.04,Other Urban,0,Fourth,Third,Urban
DZ00211,0,762,3,446,2,583,577,386,310,379,1147,530,153,143,16.13,Remote Rural,0,Second,Second,Rural
DZ00318,0,814,10,1480,5,1480,1367,1452,1466,498,1538,535,72,73,0,Other Urban,0,Least deprived,Second,Urban
DZ00404,0,818,8,1144,4,1072,1084,1220,1241,395,1351,635,82,66,22.58,Remote Rural,0,Fourth,Second,Rural
DZ01524,0,594,8,1124,4,1275,1015,1191,910,593,460,835,63,179,4,Other Urban,0,Fourth,Second,Urban
DZ01261,0,958,10,1455,5,1468,1223,1453,1395,956,1042,1334,168,40,6.06,Other Urban,0,Least deprived,Third,Urban
DZ01069,0,460,3,416,2,355,543,483,361,1025,204,658,109,107,22.22,Accessible Small Towns,0,Second,Fourth,Urban
DZ00381,0,626,8,1212,4,1420,736,1192,984,979,692,1072,118,185,0,Large Urban,0,Least deprived,Fourth,Urban
DZ01209,0,686,3,352,2,324,844,204,170,1521,436,381,121,162,30,Large Urban,0,Second,Least deprived,Urban
DZ00312,0,836,8,1230,4,1152,1167,994,1331,1517,843,1480,89,85,3.85,Large Urban,0,Fourth,Least deprived,Urban
DZ00477,0,832,9,1301,5,1075,1393,1391,985,658,1562,1493,74,29,13.89,Large Urban,0,Fourth,Third,Urban
DZ00565,0,767,4,577,2,484,386,666,442,479,1580,1194,125,140,15.38,Accessible Rural,0,Second,Second,Rural
DZ01179,0,827,8,1255,4,1095,1490,959,1400,1351,1036,995,86,86,7.69,Large Urban,0,Fourth,Least deprived,Urban
DZ00173,0,716,9,1355,5,1407,1508,1251,1178,476,1338,1300,48,47,7.69,Remote Small Towns,0,Least deprived,Second,Urban
DZ00928,0,673,1,159,1,304,492,55,75,1059,267,642,126,275,19.35,Large Urban,0,Most deprived,Fourth,Urban
DZ00703,0,716,3,406,2,413,306,382,219,1198,960,1242,117,190,18.18,Other Urban,0,Second,Fourth,Urban
DZ00074,0,894,9,1318,5,1089,1495,1411,1371,474,951,915,69,62,14.81,Other Urban,0,Fourth,Second,Urban
DZ00829,0,1048,7,968,4,862,811,1142,649,903,1035,1186,149,103,13.64,Other Urban,0,Third,Third,Urban
DZ00121,0,672,10,1566,5,1583,1556,1568,1547,143,1504,1591,58,53,0,Remote Rural,0,Least deprived,Most deprived,Rural
DZ00965,0,920,5,706,3,460,836,1081,460,873,567,291,70,64,15.15,Large Urban,0,Second,Third,Urban
DZ00102,0,693,8,1140,4,1307,1263,1096,920,442,491,1101,130,138,12.9,Other Urban,0,Least deprived,Second,Urban
DZ01529,0,1049,7,1027,4,1023,928,830,1170,845,1205,1430,121,194,8.82,Other Urban,0,Fourth,Third,Urban
DZ00769,0,646,7,999,4,976,818,1156,770,703,858,1264,132,222,14.29,Large Urban,0,Fourth,Third,Urban
DZ01258,0,658,8,1205,4,1229,934,1133,1293,622,1484,623,123,140,14.29,Large Urban,0,Fourth,Second,Urban
DZ01474,0,668,8,1268,4,1379,1329,1221,1260,265,990,1528,75,53,13.33,Remote Rural,0,Least deprived,Most deprived,Rural
DZ01341,0,717,3,323,2,252,274,362,524,894,233,206,146,130,21.74,Other Urban,0,Most deprived,Third,Urban
DZ00376,0,762,8,1183,4,1381,1056,769,1255,466,1575,1441,81,101,0,Accessible Rural,0,Least deprived,Second,Rural
DZ01296,0,702,7,962,4,1071,1016,898,921,524,746,884,62,46,20,Large Urban,0,Fourth,Second,Urban
DZ01565,0,524,8,1272,4,1314,1510,1028,1238,507,909,1524,42,80,0,Accessible Rural,0,Least deprived,Second,Rural
DZ00167,0,628,1,154,1,164,244,292,129,64,1000,996,140,159,14.29,Remote Rural,0,Most deprived,Most deprived,Rural
DZ01580,0,730,8,1259,4,1366,1328,1135,1368,511,349,1121,132,76,4.55,Other Urban,0,Least deprived,Second,Urban
DZ00571,0,588,3,377,2,511,532,310,172,1220,336,199,153,126,7.41,Other Urban,0,Second,Fourth,Urban
DZ01072,0,872,7,1018,4,916,653,1106,1457,224,1404,1097,111,126,17.39,Accessible Rural,0,Third,Most deprived,Rural
DZ00909,0,866,9,1429,5,1388,1458,1277,1335,1333,1322,1346,41,80,2.86,Other Urban,0,Least deprived,Least deprived,Urban
DZ00777,0,527,7,1092,4,1224,946,1099,1102,579,792,310,116,69,0,Large Urban,0,Fourth,Second,Urban
DZ00622,0,752,10,1465,5,1394,1198,1490,1480,1027,1343,976,81,74,20,Large Urban,0,Least deprived,Fourth,Urban
DZ01165,0,714,5,786,3,611,640,956,955,879,690,1056,170,80,25,Large Urban,0,Second,Third,Urban
DZ00010,0,835,9,1300,5,1326,1278,1365,1268,131,1566,910,84,50,9.09,Remote Rural,0,Least deprived,Most deprived,Rural
DZ00745,0,737,6,957,3,1113,537,986,549,1262,806,1492,173,171,9.09,Large Urban,0,Fourth,Fourth,Urban
DZ00458,0,1114,6,861,3,776,1188,637,607,1383,1077,1144,91,70,21.05,Other Urban,0,Third,Least deprived,Urban
DZ01117,0,743,10,1460,5,1501,1346,1433,1529,234,1413,1029,72,33,0,Remote Rural,0,Least deprived,Most deprived,Rural
DZ01155,0,947,4,574,2,519,758,707,1000,32,758,1319,74,155,17.95,Remote Rural,0,Second,Most deprived,Rural
DZ00813,0,826,6,882,3,1138,1103,688,581,1165,240,283,75,122,11.54,Large Urban,0,Fourth,Fourth,Urban
DZ00334,0,738,9,1288,5,1393,1082,1140,1520,201,1509,1405,53,80,10.71,Accessible Rural,0,Least deprived,Most deprived,Rural
DZ01422,0,889,6,898,3,613,707,1311,785,481,935,1342,120,86,19.44,Other Urban,0,Second,Second,Urban
DZ00401,0,774,10,1594,5,1595,1578,1592,1593,111,1468,1589,41,16,7.32,Remote Rural,0,Least deprived,Most deprived,Rural
DZ01198,0,733,1,115,1,295,337,124,57,129,146,1503,126,244,26.92,Remote Rural,0,Most deprived,Most deprived,Rural
DZ00414,0,573,5,733,3,1085,597,560,935,282,1227,508,148,96,42.31,Accessible Rural,0,Fourth,Most deprived,Rural
DZ00040,0,701,10,1585,5,1586,1566,1589,1569,231,1589,1502,59,11,0,Accessible Rural,0,Least deprived,Most deprived,Rural
DZ01399,0,956,8,1210,4,1283,1152,1339,999,163,1363,1439,39,72,11.76,Remote Rural,0,Least deprived,Most deprived,Rural
DZ00136,0,913,2,188,1,219,109,244,362,596,42,1157,187,249,38.46,Accessible Small Towns,0,Most deprived,Second,Urban
DZ01589,0,557,9,1439,5,1448,1522,1374,1339,313,1487,1452,31,36,7.14,Accessible Rural,0,Least deprived,Most deprived,Rural
DZ00854,0,608,8,1194,4,1140,1310,1167,796,1287,679,1525,51,121,0,Large Urban,0,Fourth,Least deprived,Urban
DZ00815,0,780,2,306,1,256,161,341,304,1047,790,465,208,221,26.09,Large Urban,0,Most deprived,Fourth,Urban
DZ00557,0,673,6,920,3,950,932,969,991,834,155,1034,93,125,26.09,Large Urban,0,Third,Third,Urban
DZ01508,0,957,5,717,3,970,601,840,559,167,988,1529,149,102,0,Remote Rural,0,Fourth,Most deprived,Rural
DZ00812,0,942,10,1447,5,1417,1111,1436,1442,1221,1173,1254,85,105,8,Large Urban,0,Least deprived,Fourth,Urban
DZ00118,0,460,8,1238,4,1215,1197,1296,1299,959,162,886,93,101,9.09,Accessible Small Towns,0,Fourth,Third,Urban
DZ00924,0,794,10,1456,5,1483,1457,1269,1341,1462,1441,49,78,134,4,Large Urban,0,Least deprived,Least deprived,Urban
DZ01272,0,790,8,1218,4,1083,1352,1223,1136,880,1004,1229,134,117,11.76,Remote Small Towns,0,Fourth,Third,Urban
DZ00852,0,883,9,1334,5,1344,1380,1403,638,1274,1285,422,59,67,16.67,Large Urban,0,Least deprived,Fourth,Urban
DZ01097,0,833,7,1010,4,1107,382,805,1372,1118,1183,1104,145,422,0,Large Urban,0,Fourth,Fourth,Urban
DZ00399,0,775,8,1273,4,1300,1417,1030,1174,1128,1168,961,56,57,7.69,Other Urban,0,Least deprived,Fourth,Urban
DZ01398,0,768,5,713,3,888,1154,740,748,39,752,1224,76,129,13.33,Remote Rural,0,Third,Most deprived,Rural
DZ00775,0,857,6,949,3,894,1034,924,689,767,1458,935,70,103,9.38,Large Urban,0,Third,Third,Urban
DZ01563,0,826,4,597,2,496,699,785,368,557,1190,505,143,154,4.35,Accessible Rural,0,Second,Second,Rural
DZ01112,0,883,4,534,2,594,265,711,915,239,803,356,170,115,25.81,Remote Rural,0,Second,Most deprived,Rural
DZ00491,0,866,2,257,1,333,179,223,205,646,1018,441,237,120,20,Accessible Rural,0,Second,Third,Rural
DZ00976,0,686,9,1281,5,1269,1193,1166,1133,1550,1123,196,122,103,0,Large Urban,0,Fourth,Least deprived,Urban
DZ00577,0,894,5,722,3,827,620,835,772,144,1461,806,176,72,3.12,Accessible Rural,0,Third,Most deprived,Rural
DZ00524,0,881,9,1426,5,1460,1353,1502,1408,114,1221,1366,64,81,8.33,Accessible Rural,0,Least deprived,Most deprived,Rural
DZ01172,0,1005,1,24,1,19,39,41,22,1403,79,5,370,482,29.03,Large Urban,0,Most deprived,Least deprived,Urban
DZ01044,0,803,3,374,2,313,228,296,791,1315,477,660,128,542,12,Large Urban,0,Most deprived,Least deprived,Urban
DZ00011,0,550,4,548,2,736,798,562,450,16,1444,1458,87,90,8,Remote Rural,0,Third,Most deprived,Rural
DZ01215,0,843,7,1037,4,1186,1003,780,1123,1003,717,743,91,118,11.54,Large Urban,0,Fourth,Fourth,Urban
